id,title,workstream,role,milestone,priority,state,review_tier,outcome,acceptance,negative_control,depends_on,proposed_owned_paths,proposed_integration_hooks,existing_packets_to_reconcile
VG-GOV-001,Freeze a reproducible baseline,GOV,Architect / producer,G0,P0,DRAFT,C,"Record actual branch heads, build commands and package hash in a baseline manifest","A second checkout resolves the same commits and reproduces the documented baseline result ; The changed behavior is exercised through the named production boundary, or explicitly classified as a contract/artifact-only task. ; Independent review checks the negative control and current integration applicability.","A mismatched commit or missing package is reported, not silently accepted",,docs/execution/decisions/freeze-a-reproducible-baseline.md,orchestration authority,
VG-GOV-002,Resolve orchestration precedence,GOV,Architect / producer,G0,P0,DRAFT,C,"Obtain one recorded ruling for conflicting push, review and claim policies","A policy table names the authoritative writer, target and approval for every state change ; The changed behavior is exercised through the named production boundary, or explicitly classified as a contract/artifact-only task. ; Independent review checks the negative control and current integration applicability.",Separate successful lane-branch pushes never count as exclusive claims,VG-GOV-001,docs/execution/decisions/resolve-orchestration-precedence.md,orchestration authority,
VG-GOV-003,Freeze the parity scorecard,GOV,Architect / producer,G0,P0,DRAFT,C,"Approve benchmark dimensions, reference captures and proposed pass thresholds","Every dimension has a journey, measurement and accountable approver ; The changed behavior is exercised through the named production boundary, or explicitly classified as a contract/artifact-only task. ; Independent review checks the negative control and current integration applicability.",A feature count alone cannot produce a parity pass,VG-GOV-001,docs/execution/decisions/freeze-the-parity-scorecard.md,orchestration authority,
VG-GOV-004,Crosswalk existing task packets,GOV,Architect / producer,G0,P0,DRAFT,C,"Map each planning ID to reuse, extend, verify or new against current task records","Existing TASK-0108 and Owner Demo work have explicit dispositions before new tasks are issued ; The changed behavior is exercised through the named production boundary, or explicitly classified as a contract/artifact-only task. ; Independent review checks the negative control and current integration applicability.",Two planning goals mapping to one implementation are flagged for reconciliation,VG-GOV-001,docs/execution/decisions/crosswalk-existing-task-packets.md,orchestration authority,TASK-0166 ; TASK-0205
VG-GOV-005,Choose the renderer trial boundary,GOV,Architect / producer,G0,P0,DRAFT,B,Approve one limited GPU proof and actor representation comparison,"Decision records platform targets, dependency approval, scene and stop criteria ; The changed behavior is exercised through the named production boundary, or explicitly classified as a contract/artifact-only task. ; Independent review checks the negative control and current integration applicability.",No full-engine migration is authorized by a successful triangle demo,VG-GOV-003,docs/execution/decisions/choose-the-renderer-trial-boundary.md,orchestration authority,TASK-0114
VG-GOV-006,Rule on death and disconnect,GOV,Architect / producer,G0,P0,DRAFT,C,"Approve a state-transition table for mortality, quitting, connection loss and crashes","Every transition states carried-value, House-value and recovery consequences ; The changed behavior is exercised through the named production boundary, or explicitly classified as a contract/artifact-only task. ; Independent review checks the negative control and current integration applicability.",Disconnect cannot silently acknowledge uncommitted extraction,VG-GOV-003,docs/execution/decisions/rule-on-death-and-disconnect.md,orchestration authority,
VG-GOV-007,Approve bounded content budgets,GOV,Architect / producer,G0,P0,DRAFT,B,"Freeze slice quantities, candidate build examples and prohibited scope growth","Every approved content lot has a named owner and completion gate ; The changed behavior is exercised through the named production boundary, or explicitly classified as a contract/artifact-only task. ; Independent review checks the negative control and current integration applicability.",A new skill or biome without a budget replaces scope or stays deferred,VG-GOV-003,docs/execution/decisions/approve-bounded-content-budgets.md,orchestration authority,
VG-GOV-008,Audit dependency and path scheduling,GOV,Architect / producer,G0,P0,DRAFT,B,"Add a read-only validator for missing dependencies, cycles and path conflicts","Valid graph passes and intentional cycle, overlap and absent-ID fixtures fail ; The changed behavior is exercised through the named production boundary, or explicitly classified as a contract/artifact-only task. ; Independent review checks the negative control and current integration applicability.",Wildcard overlap and shared integration hooks are not treated as independent,VG-GOV-002 ; VG-GOV-004,docs/execution/decisions/audit-dependency-and-path-scheduling.md,orchestration authority,
VG-CORE-001,Characterize the two simulation paths,CORE,Core engineer,G1,P0,DRAFT,C,"Create equivalent movement, attack and extraction fixtures for both existing models","A report records matching behavior and approved divergence by fixture ; The changed behavior is exercised through the named production boundary, or explicitly classified as a contract/artifact-only task. ; Independent review checks the negative control and current integration applicability.",Tests do not force accidental browser behavior into the native contract,VG-GOV-001 ; VG-GOV-004,native/systems/core/characterize-the-two-simulation-paths.hpp ; native/tests/roadmap/core-001_contract_test.cpp,native/src/core.cpp ; native/include/verdigris/core.hpp,
VG-CORE-002,Define typed identity and unit contracts,CORE,Core engineer,G1,P0,DRAFT,C,"Introduce agreed actor, item, instance, tick and duration boundary types","Invalid unit or identity substitution is caught at compile time or validation ; The changed behavior is exercised through the named production boundary, or explicitly classified as a contract/artifact-only task. ; Independent review checks the negative control and current integration applicability.",A millisecond value cannot be interpreted as a tick by magnitude,VG-GOV-001 ; VG-CORE-001,native/systems/core/define-typed-identity-and-unit-contracts.hpp ; native/tests/roadmap/core-002_contract_test.cpp,native/src/core.cpp ; native/include/verdigris/core.hpp,
VG-CORE-003,Own simulation time explicitly,CORE,Core engineer,G1,P0,DRAFT,C,Separate queued commands from one fixed-step advancement call,"Extra aim or duplicate packets do not advance cooldowns or movement time ; The changed behavior is exercised through the named production boundary, or explicitly classified as a contract/artifact-only task. ; Independent review checks the negative control and current integration applicability.",Flooding harmless commands cannot speed up a character,VG-GOV-001 ; VG-CORE-002,native/src/core.cpp ; native/include/verdigris/core.hpp ; native/tests/roadmap/core-003_contract_test.cpp,native/src/core.cpp ; native/include/verdigris/core.hpp,
VG-CORE-004,Extract account game-service state,CORE,Core engineer,G1,P0,DRAFT,C,Move one profile aggregate boundary out of transport without changing rules,"Local and remote adapters read the same typed profile-service interface ; The changed behavior is exercised through the named production boundary, or explicitly classified as a contract/artifact-only task. ; Independent review checks the negative control and current integration applicability.",Transport reducers cannot mutate the profile outside service commands,VG-GOV-001 ; VG-CORE-002 ; VG-SAVE-001,native/include/verdigris/networking.hpp ; native/src/networking.cpp ; native/tests/roadmap/core-004_contract_test.cpp,native/src/core.cpp ; native/include/verdigris/core.hpp,
VG-CORE-005,Version gameplay random streams,CORE,Core engineer,G1,P0,DRAFT,B,"Separate and record combat, loot and generation RNG streams","Rendering or audio changes leave authoritative reward results unchanged ; The changed behavior is exercised through the named production boundary, or explicitly classified as a contract/artifact-only task. ; Independent review checks the negative control and current integration applicability.",Consuming cosmetic randomness cannot alter the next loot roll,VG-GOV-001 ; VG-CORE-002,native/systems/core/version-gameplay-random-streams.hpp ; native/tests/roadmap/core-005_contract_test.cpp,native/src/core.cpp ; native/include/verdigris/core.hpp,
VG-CORE-006,Freeze typed event envelopes,CORE,Core engineer,G1,P0,DRAFT,C,"Add event ID, simulation tick, instance ID and typed duration to the event contract","Consumer tests reject malformed duration and stale-instance events ; The changed behavior is exercised through the named production boundary, or explicitly classified as a contract/artifact-only task. ; Independent review checks the negative control and current integration applicability.",Reordered duplicate events cannot generate a second reward or death effect,VG-GOV-001 ; VG-CORE-002,native/systems/core/freeze-typed-event-envelopes.hpp ; native/tests/roadmap/core-006_contract_test.cpp,native/src/core.cpp ; native/include/verdigris/core.hpp,
VG-CORE-007,Route both modes through one command service,CORE,Core engineer,G2,P1,DRAFT,B,Adapt one representative expedition to the canonical service,"Local and remote replay resolve equivalent authoritative outcomes ; The changed behavior is exercised through the named production boundary, or explicitly classified as a contract/artifact-only task. ; Independent review checks the negative control and current integration applicability.",Remote mode cannot instantiate a second authoritative world,VG-GOV-001 ; VG-CORE-003 ; VG-CORE-004 ; VG-CORE-006,native/client/local_session.cpp ; native/src/networking.cpp ; native/tests/roadmap/core-007_contract_test.cpp,native/src/core.cpp ; native/include/verdigris/core.hpp,
VG-CORE-008,Retire the superseded production path,CORE,Core engineer,G3,P1,DRAFT,B,Remove one migrated duplicate rules path after equivalence approval,"Build and journey evidence show no production caller remains ; The changed behavior is exercised through the named production boundary, or explicitly classified as a contract/artifact-only task. ; Independent review checks the negative control and current integration applicability.",A compatibility test may remain but cannot be reachable by release play,VG-GOV-001 ; VG-CORE-007 ; VG-QA-003,native/src/core.cpp ; native/include/verdigris/core.hpp ; native/tests/roadmap/core-008_contract_test.cpp,native/src/core.cpp ; native/include/verdigris/core.hpp,
VG-MOVE-001,Preserve diagonal remote input,MOVE,Gameplay engineer,G1,P0,DRAFT,B,Correct direction encoding for the eight movement vectors,"All eight submitted directions produce the intended authoritative displacement ; The changed behavior is exercised through the named production boundary, or explicitly classified as a contract/artifact-only task. ; Independent review checks the negative control and current integration applicability.",Diagonal input must not collapse to the vertical component,VG-GOV-001 ; VG-GOV-004,native/client/remote_session.cpp ; native/tests/session_tests.cpp ; native/tests/roadmap/move-001_contract_test.cpp,native/client/remote_session.cpp ; native/client/main.cpp,
VG-MOVE-002,Make aim independent of motion,MOVE,Gameplay engineer,G1,P0,DRAFT,B,Preserve aim intent separately from locomotion input in the command adapter,"Moving west while aiming east yields the expected attack direction ; The changed behavior is exercised through the named production boundary, or explicitly classified as a contract/artifact-only task. ; Independent review checks the negative control and current integration applicability.",A movement update does not overwrite a held aim direction,VG-GOV-001 ; VG-CORE-002 ; VG-MOVE-001,native/client/remote_session.cpp ; native/client/local_session.cpp ; native/tests/roadmap/move-002_contract_test.cpp,native/client/remote_session.cpp ; native/client/main.cpp,
VG-MOVE-003,Normalize movement deterministically,MOVE,Gameplay engineer,G1,P0,DRAFT,B,Implement the approved direction-speed rule in the canonical simulation,"Cardinal and diagonal travel match the approved distance tolerance over equal ticks ; The changed behavior is exercised through the named production boundary, or explicitly classified as a contract/artifact-only task. ; Independent review checks the negative control and current integration applicability.",Packet count and render FPS do not change travel distance,VG-GOV-001 ; VG-CORE-003 ; VG-MOVE-001,native/client/input/normalize-movement-deterministically.hpp ; native/tests/roadmap/move-003_contract_test.cpp,native/client/remote_session.cpp ; native/client/main.cpp,
VG-MOVE-004,Sweep dash against collision,MOVE,Gameplay engineer,G2,P1,DRAFT,B,Resolve a dash segment against the canonical collision query,"A thin wall, corner and actor obstruction obey the approved dash rule ; The changed behavior is exercised through the named production boundary, or explicitly classified as a contract/artifact-only task. ; Independent review checks the negative control and current integration applicability.",Dash cannot tunnel through a wall at high movement speed,VG-GOV-001 ; VG-MOVE-003 ; VG-WORLD-002,native/client/input/sweep-dash-against-collision.hpp ; native/tests/roadmap/move-004_contract_test.cpp,native/client/remote_session.cpp ; native/client/main.cpp,
VG-MOVE-005,Suppress gameplay through focused panes,MOVE,Gameplay engineer,G1,P0,DRAFT,B,Integrate existing focus arbitration for inventory and modal input,"Click, drag and text-entry scenarios leave gameplay input suppressed as specified ; The changed behavior is exercised through the named production boundary, or explicitly classified as a contract/artifact-only task. ; Independent review checks the negative control and current integration applicability.",Closing a pane does not release a buffered attack into the world,VG-GOV-001 ; VG-GOV-004 ; VG-UI-001,native/client/main.cpp ; native/tests/roadmap/move-005_contract_test.cpp,native/client/remote_session.cpp ; native/client/main.cpp,TASK-0165
VG-MOVE-006,Persist remapped controls,MOVE,Gameplay engineer,G2,P1,DRAFT,B,Add versioned binding serialization and conflict feedback,"Remap, restart and restore defaults work without inaccessible actions ; The changed behavior is exercised through the named production boundary, or explicitly classified as a contract/artifact-only task. ; Independent review checks the negative control and current integration applicability.",Duplicate bindings and invalid device codes fail visibly,VG-GOV-001 ; VG-MOVE-005 ; VG-SHIP-001,native/client/input/persist-remapped-controls.hpp ; native/tests/roadmap/move-006_contract_test.cpp,native/client/remote_session.cpp ; native/client/main.cpp,
VG-MOVE-007,Bound action input buffering,MOVE,Gameplay engineer,G2,P1,DRAFT,B,Add one explicit bounded action buffer around recovery windows,"Early input executes once inside the approved window and expires outside it ; The changed behavior is exercised through the named production boundary, or explicitly classified as a contract/artifact-only task. ; Independent review checks the negative control and current integration applicability.",Stale buffered actions never fire after death or zone change,VG-GOV-001 ; VG-ACT-002 ; VG-MOVE-005,native/client/input/bound-action-input-buffering.hpp ; native/tests/roadmap/move-007_contract_test.cpp,native/client/remote_session.cpp ; native/client/main.cpp,
VG-MOVE-008,Measure native input response,MOVE,Gameplay engineer,G3,P1,DRAFT,B,Add timestamped input-to-present markers and a manual measurement protocol,"Report p50/p95 response on approved machines with method and uncertainty ; The changed behavior is exercised through the named production boundary, or explicitly classified as a contract/artifact-only task. ; Independent review checks the negative control and current integration applicability.",Headless command time alone is not labeled input-to-photon latency,VG-GOV-001 ; VG-MOVE-007 ; VG-PERF-001 ; VG-GPU-004,native/client/input/measure-native-input-response.hpp ; native/tests/roadmap/move-008_contract_test.cpp,native/client/remote_session.cpp ; native/client/main.cpp,
VG-ACT-001,Define one action specification,ACT,Combat engineer,G1,P0,DRAFT,B,"Author the schema for costs, phases, hit geometry and cancellation","One current melee action validates with no renderer-owned gameplay fields ; The changed behavior is exercised through the named production boundary, or explicitly classified as a contract/artifact-only task. ; Independent review checks the negative control and current integration applicability.",Undefined hit windows or negative costs fail validation,VG-GOV-001 ; VG-CORE-002 ; VG-GOV-007,native/systems/actions/define-one-action-specification.hpp ; native/tests/roadmap/act-001_contract_test.cpp,native/src/core.cpp ; native/client/presentation_state.cpp,
VG-ACT-002,Implement phased melee resolution,ACT,Combat engineer,G2,P1,DRAFT,B,"Run windup, active and recovery for the approved reference melee","Damage occurs only on the active phase at the correct tick ; The changed behavior is exercised through the named production boundary, or explicitly classified as a contract/artifact-only task. ; Independent review checks the negative control and current integration applicability.",Animation completion cannot independently award a hit,VG-GOV-001 ; VG-ACT-001 ; VG-CORE-003,native/systems/actions/implement-phased-melee-resolution.hpp ; native/tests/roadmap/act-002_contract_test.cpp,native/src/core.cpp ; native/client/presentation_state.cpp,
VG-ACT-003,Resolve directional hit geometry,ACT,Combat engineer,G2,P1,DRAFT,B,Implement one authoritative thrust or arc shape with stable target ordering,"Front, edge, rear and multiple-target fixtures match the authored shape ; The changed behavior is exercised through the named production boundary, or explicitly classified as a contract/artifact-only task. ; Independent review checks the negative control and current integration applicability.",A target behind a thrust cannot be hit by a presentation cone,VG-GOV-001 ; VG-ACT-002 ; VG-WORLD-002,native/systems/actions/resolve-directional-hit-geometry.hpp ; native/tests/roadmap/act-003_contract_test.cpp,native/src/core.cpp ; native/client/presentation_state.cpp,
VG-ACT-004,Implement one bounded projectile,ACT,Combat engineer,G2,P1,DRAFT,B,Resolve one approved projectile with swept collision and lifetime,"Target, wall, expiry and source attribution match a deterministic replay ; The changed behavior is exercised through the named production boundary, or explicitly classified as a contract/artifact-only task. ; Independent review checks the negative control and current integration applicability.",Projectile cannot hit twice after despawn or pass through thin cover,VG-GOV-001 ; VG-ACT-001 ; VG-WORLD-002 ; VG-CORE-006,native/systems/actions/implement-one-bounded-projectile.hpp ; native/tests/roadmap/act-004_contract_test.cpp,native/src/core.cpp ; native/client/presentation_state.cpp,TASK-0108
VG-ACT-005,Publish telegraph timing and geometry,ACT,Combat engineer,G2,P1,DRAFT,B,Replace a guessed telegraph duration with typed authoritative data,"Local and remote consumers render the same warning window and footprint ; The changed behavior is exercised through the named production boundary, or explicitly classified as a contract/artifact-only task. ; Independent review checks the negative control and current integration applicability.",Expired or cancelled attacks leave no damaging invisible telegraph,VG-GOV-001 ; VG-CORE-006 ; VG-ACT-002,native/systems/actions/publish-telegraph-timing-and-geometry.hpp ; native/tests/roadmap/act-005_contract_test.cpp,native/src/core.cpp ; native/client/presentation_state.cpp,
VG-ACT-006,Add one authoritative interrupt rule,ACT,Combat engineer,G2,P1,DRAFT,B,Implement the approved stagger or guard interruption for one action,"The interrupt cancels scheduled hits and resolves costs per contract ; The changed behavior is exercised through the named production boundary, or explicitly classified as a contract/artifact-only task. ; Independent review checks the negative control and current integration applicability.",A cancelled action cannot still damage on its original active tick,VG-GOV-001 ; VG-ACT-002 ; VG-STAT-006,native/systems/actions/add-one-authoritative-interrupt-rule.hpp ; native/tests/roadmap/act-006_contract_test.cpp,native/src/core.cpp ; native/client/presentation_state.cpp,
VG-ACT-007,Wire one complete attack presentation beat,ACT,Combat engineer,G3,P1,DRAFT,B,"Connect authoritative attack, impact and cancel events to animation and sound","Real native play shows anticipation, impact and aftermath on the correct events ; The changed behavior is exercised through the named production boundary, or explicitly classified as a contract/artifact-only task. ; Independent review checks the negative control and current integration applicability.",Removing the event bridge makes the integration test fail,VG-GOV-001 ; VG-ACT-005 ; VG-ART-003 ; VG-SOUND-003 ; VG-GPU-004,native/systems/actions/wire-one-complete-attack-presentation-beat.hpp ; native/tests/roadmap/act-007_contract_test.cpp,native/src/core.cpp ; native/client/presentation_state.cpp,
VG-ACT-008,Converge one local and remote combat journey,ACT,Combat engineer,G3,P1,DRAFT,B,"Prove melee, projectile, cancellation and death through both session modes","Same seeded intents yield the accepted outcomes with independent visual evidence ; The changed behavior is exercised through the named production boundary, or explicitly classified as a contract/artifact-only task. ; Independent review checks the negative control and current integration applicability.",A green local scenario cannot substitute for the networked journey,VG-GOV-001 ; VG-ACT-003 ; VG-ACT-004 ; VG-ACT-006 ; VG-CORE-007 ; VG-QA-003,native/systems/actions/converge-one-local-and-remote-combat-journey.hpp ; native/tests/roadmap/act-008_contract_test.cpp,native/src/core.cpp ; native/client/presentation_state.cpp,
VG-STAT-001,Specify modifier evaluation order,STAT,Systems engineer,G1,P0,DRAFT,B,"Freeze flat, additive, multiplicative, conversion and cap order","Worked examples and executable fixtures produce identical totals ; The changed behavior is exercised through the named production boundary, or explicitly classified as a contract/artifact-only task. ; Independent review checks the negative control and current integration applicability.",Modifier container iteration order cannot change the result,VG-GOV-001 ; VG-CORE-002 ; VG-GOV-003,native/systems/stats/specify-modifier-evaluation-order.hpp ; native/tests/roadmap/stat-001_contract_test.cpp,native/src/core.cpp ; native/include/verdigris/core.hpp,
VG-STAT-002,Implement the reference damage breakdown,STAT,Systems engineer,G2,P1,DRAFT,B,Return named intermediate values from one shared damage resolver,"Character and monster fixtures use the same calculation and explain output ; The changed behavior is exercised through the named production boundary, or explicitly classified as a contract/artifact-only task. ; Independent review checks the negative control and current integration applicability.",Client-supplied final damage is ignored or rejected,VG-GOV-001 ; VG-STAT-001,native/systems/stats/implement-the-reference-damage-breakdown.hpp ; native/tests/roadmap/stat-002_contract_test.cpp,native/src/core.cpp ; native/include/verdigris/core.hpp,
VG-STAT-003,Consume one resistance channel,STAT,Systems engineer,G2,P1,DRAFT,B,Apply a declared elemental resistance and approved cap,"Zero, positive, capped and invalid resistance cases have pinned results ; The changed behavior is exercised through the named production boundary, or explicitly classified as a contract/artifact-only task. ; Independent review checks the negative control and current integration applicability.",Unrelated physical damage is not reduced by an elemental resistance,VG-GOV-001 ; VG-STAT-002,native/systems/stats/consume-one-resistance-channel.hpp ; native/tests/roadmap/stat-003_contract_test.cpp,native/src/core.cpp ; native/include/verdigris/core.hpp,
VG-STAT-004,Make defensive equipment effective,STAT,Systems engineer,G2,P1,DRAFT,B,Feed one equipment defense or block property into the resolver,"Swapping the test item changes survivability by the authored rule ; The changed behavior is exercised through the named production boundary, or explicitly classified as a contract/artifact-only task. ; Independent review checks the negative control and current integration applicability.",A tooltip-only defensive bonus is not counted as implemented,VG-GOV-001 ; VG-STAT-002 ; VG-ITEM-004,native/systems/stats/make-defensive-equipment-effective.hpp ; native/tests/roadmap/stat-004_contract_test.cpp,native/src/core.cpp ; native/include/verdigris/core.hpp,
VG-STAT-005,Generalize timed effects,STAT,Systems engineer,G2,P1,DRAFT,B,Replace one hard-coded buff with a typed effect instance,"Two simultaneous effects expire in deterministic order with defined stacking ; The changed behavior is exercised through the named production boundary, or explicitly classified as a contract/artifact-only task. ; Independent review checks the negative control and current integration applicability.",Expired effects never survive a lifecycle boundary accidentally,VG-GOV-001 ; VG-CORE-003 ; VG-STAT-001,native/systems/stats/generalize-timed-effects.hpp ; native/tests/roadmap/stat-005_contract_test.cpp,native/src/core.cpp ; native/include/verdigris/core.hpp,
VG-STAT-006,Add bounded stagger accumulation,STAT,Systems engineer,G2,P1,DRAFT,B,Implement one approved poise/stagger rule for players and enemies,"Threshold, decay and immunity-window fixtures use common actor rules ; The changed behavior is exercised through the named production boundary, or explicitly classified as a contract/artifact-only task. ; Independent review checks the negative control and current integration applicability.",Repeated weak hits cannot create an unbounded permanent lock,VG-GOV-001 ; VG-STAT-005 ; VG-GOV-007,native/systems/stats/add-bounded-stagger-accumulation.hpp ; native/tests/roadmap/stat-006_contract_test.cpp,native/src/core.cpp ; native/include/verdigris/core.hpp,
VG-STAT-007,Bound proc chains and conversion,STAT,Systems engineer,G3,P1,DRAFT,B,Enforce max depth and per-tick effect work for triggered interactions,"A cyclic trigger fixture terminates with deterministic rejection or truncation ; The changed behavior is exercised through the named production boundary, or explicitly classified as a contract/artifact-only task. ; Independent review checks the negative control and current integration applicability.",A proc loop cannot stall the authoritative tick,VG-GOV-001 ; VG-STAT-005 ; VG-BUILD-002,native/systems/stats/bound-proc-chains-and-conversion.hpp ; native/tests/roadmap/stat-007_contract_test.cpp,native/src/core.cpp ; native/include/verdigris/core.hpp,
VG-STAT-008,Explain live character totals,STAT,Systems engineer,G3,P1,DRAFT,B,Feed one stat-breakdown view directly from derived authoritative values,"Displayed and applied damage/defense match an integration fixture ; The changed behavior is exercised through the named production boundary, or explicitly classified as a contract/artifact-only task. ; Independent review checks the negative control and current integration applicability.",Displayed DPS does not include dormant or unsupported modifiers,VG-GOV-001 ; VG-STAT-003 ; VG-STAT-004 ; VG-UI-004,native/systems/stats/explain-live-character-totals.hpp ; native/tests/roadmap/stat-008_contract_test.cpp,native/src/core.cpp ; native/include/verdigris/core.hpp,
VG-BUILD-001,Freeze three slice build fixtures,BUILD,Systems designer / gameplay engineer,G1,P0,DRAFT,B,"Define distinct reach, pressure and magic build configurations","Each build lists tactics, weakness, gear dependency and expected encounter answers ; The changed behavior is exercised through the named production boundary, or explicitly classified as a contract/artifact-only task. ; Independent review checks the negative control and current integration applicability.",Three differently colored copies of one damage loop fail design review,VG-GOV-001 ; VG-GOV-007 ; VG-STAT-001,native/systems/builds/freeze-three-slice-build-fixtures.hpp ; native/tests/roadmap/build-001_contract_test.cpp,native/src/core.cpp ; native/client/main.cpp,
VG-BUILD-002,Define skill-transform compatibility,BUILD,Systems designer / gameplay engineer,G2,P1,DRAFT,B,Specify allowed action tags and exclusions for one bounded support layer,"Compatible and incompatible transformations validate without runtime guessing ; The changed behavior is exercised through the named production boundary, or explicitly classified as a contract/artifact-only task. ; Independent review checks the negative control and current integration applicability.",An unsupported transformation never consumes resources silently,VG-GOV-001 ; VG-ACT-001 ; VG-BUILD-001,native/systems/builds/define-skill-transform-compatibility.hpp ; native/tests/roadmap/build-002_contract_test.cpp,native/src/core.cpp ; native/client/main.cpp,
VG-BUILD-003,Implement one shape-changing transform,BUILD,Systems designer / gameplay engineer,G2,P1,DRAFT,B,Add one approved support that changes hit form rather than only damage,"With and without the transform show distinct target geometry and cost ; The changed behavior is exercised through the named production boundary, or explicitly classified as a contract/artifact-only task. ; Independent review checks the negative control and current integration applicability.",Removing the transform restores the original event stream,VG-GOV-001 ; VG-BUILD-002 ; VG-ACT-003,native/systems/builds/implement-one-shape-changing-transform.hpp ; native/tests/roadmap/build-003_contract_test.cpp,native/src/core.cpp ; native/client/main.cpp,
VG-BUILD-004,Integrate passive allocation validation,BUILD,Systems designer / gameplay engineer,G2,P1,DRAFT,B,"Connect budget, adjacency and respec validation to canonical profile state","Valid allocation survives restart and invalid allocation leaves state untouched ; The changed behavior is exercised through the named production boundary, or explicitly classified as a contract/artifact-only task. ; Independent review checks the negative control and current integration applicability.",UI-local point spending cannot change authoritative actor stats,VG-GOV-001 ; VG-CORE-004 ; VG-SAVE-003 ; VG-STAT-001,native/systems/builds/integrate-passive-allocation-validation.hpp ; native/tests/roadmap/build-004_contract_test.cpp,native/src/core.cpp ; native/client/main.cpp,TASK-0162 ; TASK-0193 ; TASK-0194
VG-BUILD-005,Validate bounded Arcane paths,BUILD,Systems designer / gameplay engineer,G2,P1,DRAFT,B,Reuse the reference lattice topology for a limited approved native subset,"Invalid adjacency, disallowed tier and cyclic paths fail with readable errors ; The changed behavior is exercised through the named production boundary, or explicitly classified as a contract/artifact-only task. ; Independent review checks the negative control and current integration applicability.",A reference UI path is not assumed to be an implemented spell,VG-GOV-001 ; VG-GOV-004 ; VG-BUILD-002,native/systems/builds/validate-bounded-arcane-paths.hpp ; native/tests/roadmap/build-005_contract_test.cpp,native/src/core.cpp ; native/client/main.cpp,TASK-0195 ; TASK-0196
VG-BUILD-006,Compile one Arcane path to an effect plan,BUILD,Systems designer / gameplay engineer,G3,P1,DRAFT,B,Translate one approved weave into existing action/effect primitives,"Plan includes resource, timing, work budget and deterministic outcome ; The changed behavior is exercised through the named production boundary, or explicitly classified as a contract/artifact-only task. ; Independent review checks the negative control and current integration applicability.",Unknown manifestations fail closed rather than inventing behavior,VG-GOV-001 ; VG-BUILD-005 ; VG-ACT-004 ; VG-STAT-005,native/systems/builds/compile-one-arcane-path-to-an-effect-plan.hpp ; native/tests/roadmap/build-006_contract_test.cpp,native/src/core.cpp ; native/client/main.cpp,
VG-BUILD-007,Prevent loadout-swap exploits,BUILD,Systems designer / gameplay engineer,G3,P1,DRAFT,B,Validate equipment/skill swap transitions and resource reservations,"Repeated swaps do not reset costs, duplicate effects or grant free resources ; The changed behavior is exercised through the named production boundary, or explicitly classified as a contract/artifact-only task. ; Independent review checks the negative control and current integration applicability.",A cooldown cannot be bypassed by swapping away and back,VG-GOV-001 ; VG-BUILD-003 ; VG-BUILD-004 ; VG-ITEM-004,native/systems/builds/prevent-loadout-swap-exploits.hpp ; native/tests/roadmap/build-007_contract_test.cpp,native/src/core.cpp ; native/client/main.cpp,
VG-BUILD-008,Compare three complete build journeys,BUILD,Systems designer / gameplay engineer,G3,P1,DRAFT,B,Run the three approved configurations against the same expedition,"Evidence records different tactics, survivability and completion outcomes ; The changed behavior is exercised through the named production boundary, or explicitly classified as a contract/artifact-only task. ; Independent review checks the negative control and current integration applicability.",Completion by one dominant build does not approve all three,VG-GOV-001 ; VG-BUILD-006 ; VG-BUILD-007 ; VG-ENEMY-007 ; VG-QA-004,native/systems/builds/compare-three-complete-build-journeys.hpp ; native/tests/roadmap/build-008_contract_test.cpp,native/src/core.cpp ; native/client/main.cpp,
VG-ITEM-001,Freeze canonical item ownership,ITEM,Item systems engineer,G1,P0,DRAFT,B,"Separate definition, instance ID, roll seed, location and owner","Each live item has exactly one valid owner/location and a stable identity ; The changed behavior is exercised through the named production boundary, or explicitly classified as a contract/artifact-only task. ; Independent review checks the negative control and current integration applicability.",Two containers cannot own the same instance simultaneously,VG-GOV-001 ; VG-CORE-002 ; VG-GOV-004,native/systems/items/freeze-canonical-item-ownership.hpp ; native/tests/roadmap/item-001_contract_test.cpp,native/src/core.cpp ; native/include/verdigris/core.hpp,
VG-ITEM-002,Validate base and modifier definitions,ITEM,Item systems engineer,G1,P0,DRAFT,B,Add schema checks for one item family and affix group rules,"Valid definitions cook; unknown stats and conflicting groups fail ; The changed behavior is exercised through the named production boundary, or explicitly classified as a contract/artifact-only task. ; Independent review checks the negative control and current integration applicability.",A display-only mod cannot claim a gameplay effect without a binding,VG-GOV-001 ; VG-ITEM-001 ; VG-STAT-001 ; VG-TOOLS-001,native/systems/items/validate-base-and-modifier-definitions.hpp ; native/tests/roadmap/item-002_contract_test.cpp,native/src/core.cpp ; native/include/verdigris/core.hpp,
VG-ITEM-003,Roll one deterministic loot family,ITEM,Item systems engineer,G2,P1,DRAFT,B,Produce one approved base/affix pool through the loot RNG stream,"Fixed seed reproduces legal rolls and distribution checks report sample limits ; The changed behavior is exercised through the named production boundary, or explicitly classified as a contract/artifact-only task. ; Independent review checks the negative control and current integration applicability.",A cosmetic RNG call cannot reroll the item,VG-GOV-001 ; VG-ITEM-002 ; VG-CORE-005,native/systems/items/roll-one-deterministic-loot-family.hpp ; native/tests/roadmap/item-003_contract_test.cpp,native/src/core.cpp ; native/include/verdigris/core.hpp,
VG-ITEM-004,Make equipment swaps atomic,ITEM,Item systems engineer,G2,P1,DRAFT,B,"Apply equip, displaced-item return and derived stats as one command","Full bag, two-handed conflict and repeated request preserve all instances ; The changed behavior is exercised through the named production boundary, or explicitly classified as a contract/artifact-only task. ; Independent review checks the negative control and current integration applicability.",Failed equip cannot destroy the old item or duplicate the new one,VG-GOV-001 ; VG-ITEM-001 ; VG-CORE-004,native/systems/items/make-equipment-swaps-atomic.hpp ; native/tests/roadmap/item-004_contract_test.cpp,native/src/core.cpp ; native/include/verdigris/core.hpp,TASK-0171 ; TASK-0172 ; TASK-0184
VG-ITEM-005,Implement named ground pickup authority,ITEM,Item systems engineer,G2,P1,DRAFT,B,"Validate distance, binding and instance membership before transfer","Two simultaneous pickup requests produce exactly one winner ; The changed behavior is exercised through the named production boundary, or explicitly classified as a contract/artifact-only task. ; Independent review checks the negative control and current integration applicability.",Stale-instance or distant item IDs cannot be collected,VG-GOV-001 ; VG-ITEM-001 ; VG-WORLD-002 ; VG-CORE-004,native/systems/items/implement-named-ground-pickup-authority.hpp ; native/tests/roadmap/item-005_contract_test.cpp,native/src/core.cpp ; native/include/verdigris/core.hpp,
VG-ITEM-006,Expose loot-filter facts,ITEM,Item systems engineer,G2,P1,DRAFT,B,Publish safe item facts and filter ordering without gameplay mutation,"Filter hides/shows categories and preserves manual accessibility ; The changed behavior is exercised through the named production boundary, or explicitly classified as a contract/artifact-only task. ; Independent review checks the negative control and current integration applicability.",A hidden item cannot change ownership or droprate,VG-GOV-001 ; VG-ITEM-003 ; VG-UI-001,native/systems/items/expose-loot-filter-facts.hpp ; native/tests/roadmap/item-006_contract_test.cpp,native/src/core.cpp ; native/include/verdigris/core.hpp,
VG-ITEM-007,Add one behavior-changing relic,ITEM,Item systems engineer,G3,P1,DRAFT,B,"Implement one approved item that changes reach, cost or action shape","Equipped and unequipped combat fixtures demonstrate the promised behavior ; The changed behavior is exercised through the named production boundary, or explicitly classified as a contract/artifact-only task. ; Independent review checks the negative control and current integration applicability.",A rarity color or large flat damage number alone does not pass,VG-GOV-001 ; VG-ITEM-004 ; VG-BUILD-003 ; VG-GOV-007,native/systems/items/add-one-behavior-changing-relic.hpp ; native/tests/roadmap/item-007_contract_test.cpp,native/src/core.cpp ; native/include/verdigris/core.hpp,
VG-ITEM-008,Audit loot progression distribution,ITEM,Item systems engineer,G3,P1,DRAFT,B,Simulate the slice loot table over a versioned seed sample,"Report time-to-upgrade quantiles, dry streaks and unusable-item rate ; The changed behavior is exercised through the named production boundary, or explicitly classified as a contract/artifact-only task. ; Independent review checks the negative control and current integration applicability.",Mean reward alone cannot approve severe tail failures,VG-GOV-001 ; VG-ITEM-003 ; VG-ITEM-007 ; VG-QA-004,native/systems/items/audit-loot-progression-distribution.hpp ; native/tests/roadmap/item-008_contract_test.cpp,native/src/core.cpp ; native/include/verdigris/core.hpp,
VG-FORGE-001,Specify one House crafting recipe,FORGE,Economy designer / gameplay engineer,G1,P0,DRAFT,B,"Define inputs, output mutation, eligibility and failure semantics","Recipe names one player decision and every resource source/sink ; The changed behavior is exercised through the named production boundary, or explicitly classified as a contract/artifact-only task. ; Independent review checks the negative control and current integration applicability.",No agent invents irreversible Brand costs beyond approved values,VG-GOV-001 ; VG-GOV-007 ; VG-ITEM-002,native/systems/crafting/specify-one-house-crafting-recipe.hpp ; native/tests/roadmap/forge-001_contract_test.cpp,native/src/core.cpp ; native/client/main.cpp,
VG-FORGE-002,Preview one Brand transformation,FORGE,Economy designer / gameplay engineer,G2,P1,DRAFT,B,Compute the exact eligible outcome range without mutating an item,"Preview uses the same recipe and derived stat definitions as commit ; The changed behavior is exercised through the named production boundary, or explicitly classified as a contract/artifact-only task. ; Independent review checks the negative control and current integration applicability.",Cancelling preview consumes nothing and changes no RNG state,VG-GOV-001 ; VG-FORGE-001 ; VG-STAT-002,native/systems/crafting/preview-one-brand-transformation.hpp ; native/tests/roadmap/forge-002_contract_test.cpp,native/src/core.cpp ; native/client/main.cpp,
VG-FORGE-003,Commit Brand crafting transactionally,FORGE,Economy designer / gameplay engineer,G2,P1,DRAFT,B,Consume materials and mutate the existing item in one durable transaction,"Retry, insufficient materials and server restart preserve exactly one result ; The changed behavior is exercised through the named production boundary, or explicitly classified as a contract/artifact-only task. ; Independent review checks the negative control and current integration applicability.",Duplicate request cannot spend twice or reroll a Brand,VG-GOV-001 ; VG-FORGE-002 ; VG-SAVE-004 ; VG-ITEM-004,native/systems/crafting/commit-brand-crafting-transactionally.hpp ; native/tests/roadmap/forge-003_contract_test.cpp,native/src/core.cpp ; native/client/main.cpp,TASK-0198
VG-FORGE-004,Accumulate bounded Bond progress,FORGE,Economy designer / gameplay engineer,G2,P1,DRAFT,B,Count only approved meaningful events toward one Bond milestone,"Capped progress and qualifying event rules replay deterministically ; The changed behavior is exercised through the named production boundary, or explicitly classified as a contract/artifact-only task. ; Independent review checks the negative control and current integration applicability.",Idle time or harmless action spam cannot farm unlimited Bond credit,VG-GOV-001 ; VG-CORE-006 ; VG-ITEM-001 ; VG-GOV-007,native/systems/crafting/accumulate-bounded-bond-progress.hpp ; native/tests/roadmap/forge-004_contract_test.cpp,native/src/core.cpp ; native/client/main.cpp,TASK-0199
VG-FORGE-005,Activate one Bond milestone,FORGE,Economy designer / gameplay engineer,G3,P1,DRAFT,B,Apply one approved Bond ability or tradeoff at the threshold,"Activation is durable, exactly once and reflected in derived behavior ; The changed behavior is exercised through the named production boundary, or explicitly classified as a contract/artifact-only task. ; Independent review checks the negative control and current integration applicability.",Reconnect cannot trigger the unlock twice,VG-GOV-001 ; VG-FORGE-004 ; VG-SAVE-004 ; VG-STAT-005,native/systems/crafting/activate-one-bond-milestone.hpp ; native/tests/roadmap/forge-005_contract_test.cpp,native/src/core.cpp ; native/client/main.cpp,
VG-FORGE-006,Define scar and recovery mutation,FORGE,Economy designer / gameplay engineer,G3,P1,DRAFT,B,Apply one approved scar to a recovered item while preserving provenance,"The item keeps identity and a legible mechanical tradeoff ; The changed behavior is exercised through the named production boundary, or explicitly classified as a contract/artifact-only task. ; Independent review checks the negative control and current integration applicability.",Recovery never restores a dead Scion's complete inventory by accident,VG-GOV-001 ; VG-HOUSE-004 ; VG-ITEM-007 ; VG-GOV-006,native/systems/crafting/define-scar-and-recovery-mutation.hpp ; native/tests/roadmap/forge-006_contract_test.cpp,native/src/core.cpp ; native/client/main.cpp,
VG-FORGE-007,Wire the Brand and Bond pane,FORGE,Economy designer / gameplay engineer,G3,P1,DRAFT,B,Integrate existing models into the native inventory/House flow,"A player previews, commits and inspects the changed item through real controls ; The changed behavior is exercised through the named production boundary, or explicitly classified as a contract/artifact-only task. ; Independent review checks the negative control and current integration applicability.",A model-only demo cannot satisfy the runtime gate,VG-GOV-001 ; VG-FORGE-003 ; VG-FORGE-005 ; VG-UI-003,native/systems/crafting/wire-the-brand-and-bond-pane.hpp ; native/tests/roadmap/forge-007_contract_test.cpp,native/src/core.cpp ; native/client/main.cpp,
VG-FORGE-008,Check crafting conservation and sinks,FORGE,Economy designer / gameplay engineer,G4,P2,DRAFT,B,"Run a fixed recipe cycle through generation, spending and recovery","Material and item ledger balances except at named sources/sinks ; The changed behavior is exercised through the named production boundary, or explicitly classified as a contract/artifact-only task. ; Independent review checks the negative control and current integration applicability.",Repeated craft/salvage cannot generate net value without approved intent,VG-GOV-001 ; VG-FORGE-003 ; VG-FORGE-006 ; VG-ITEM-008,native/systems/crafting/check-crafting-conservation-and-sinks.hpp ; native/tests/roadmap/forge-008_contract_test.cpp,native/src/core.cpp ; native/client/main.cpp,
VG-SAVE-001,Inventory the real durable profile,SAVE,Persistence engineer,G1,P0,DRAFT,C,"Classify each live field as durable, reconstructible or transient","House, Scion, wear, bag, bank, passives, XP and recovery state are accounted for ; The changed behavior is exercised through the named production boundary, or explicitly classified as a contract/artifact-only task. ; Independent review checks the negative control and current integration applicability.",Saving only the small local Simulation cannot pass,VG-GOV-001 ; VG-GOV-004 ; VG-GOV-006,native/persistence/profile/inventory-the-real-durable-profile.hpp ; native/tests/roadmap/save-001_contract_test.cpp,native/include/verdigris/networking.hpp ; native/src/networking.cpp ; native/src/server_main.cpp,TASK-0097
VG-SAVE-002,Freeze the versioned profile schema,SAVE,Persistence engineer,G1,P0,DRAFT,C,"Define schema version, revision, identifiers and migration boundaries","A canonical fixture represents every approved durable field ; The changed behavior is exercised through the named production boundary, or explicitly classified as a contract/artifact-only task. ; Independent review checks the negative control and current integration applicability.",Unknown required versions fail without overwriting a valid save,VG-GOV-001 ; VG-SAVE-001 ; VG-ITEM-001,native/persistence/profile/freeze-the-versioned-profile-schema.hpp ; native/tests/roadmap/save-002_contract_test.cpp,native/include/verdigris/networking.hpp ; native/src/networking.cpp ; native/src/server_main.cpp,
VG-SAVE-003,Load and save one actual server profile,SAVE,Persistence engineer,G1,P0,DRAFT,C,Connect the profile repository to startup and authoritative state,"Earned item and allocated passive survive full server termination/restart ; The changed behavior is exercised through the named production boundary, or explicitly classified as a contract/artifact-only task. ; Independent review checks the negative control and current integration applicability.",Same-process reconnect is not accepted as durability proof,VG-GOV-001 ; VG-SAVE-002 ; VG-CORE-004,native/persistence/profile/load-and-save-one-actual-server-profile.hpp ; native/tests/roadmap/save-003_contract_test.cpp,native/include/verdigris/networking.hpp ; native/src/networking.cpp ; native/src/server_main.cpp,
VG-SAVE-004,Add idempotent transaction records,SAVE,Persistence engineer,G1,P0,DRAFT,C,"Record transaction ID, precondition revision and committed result","Replayed transaction returns the recorded result with no extra mutation ; The changed behavior is exercised through the named production boundary, or explicitly classified as a contract/artifact-only task. ; Independent review checks the negative control and current integration applicability.",Duplicate extraction/craft commands cannot award or spend twice,VG-GOV-001 ; VG-SAVE-003,native/persistence/profile/add-idempotent-transaction-records.hpp ; native/tests/roadmap/save-004_contract_test.cpp,native/include/verdigris/networking.hpp ; native/src/networking.cpp ; native/src/server_main.cpp,
VG-SAVE-005,Commit extraction as one durable operation,SAVE,Persistence engineer,G2,P1,DRAFT,B,Transfer carried value and House progression atomically,"Crash around commit yields either complete old state or complete new state ; The changed behavior is exercised through the named production boundary, or explicitly classified as a contract/artifact-only task. ; Independent review checks the negative control and current integration applicability.",No carried-and-stored duplicate ownership is observable,VG-GOV-001 ; VG-SAVE-004 ; VG-GOV-006 ; VG-ITEM-005,native/persistence/profile/commit-extraction-as-one-durable-operation.hpp ; native/tests/roadmap/save-005_contract_test.cpp,native/include/verdigris/networking.hpp ; native/src/networking.cpp ; native/src/server_main.cpp,
VG-SAVE-006,Commit permanent death and succession,SAVE,Persistence engineer,G2,P1,DRAFT,C,"Persist mortal death, item disposition and successor eligibility together","Restart cannot resurrect the fallen Scion or erase the crypt consequence ; The changed behavior is exercised through the named production boundary, or explicitly classified as a contract/artifact-only task. ; Independent review checks the negative control and current integration applicability.",Duplicate death events do not create duplicate relic candidates,VG-GOV-001 ; VG-SAVE-004 ; VG-GOV-006 ; VG-ITEM-001,native/persistence/profile/commit-permanent-death-and-succession.hpp ; native/tests/roadmap/save-006_contract_test.cpp,native/include/verdigris/networking.hpp ; native/src/networking.cpp ; native/src/server_main.cpp,
VG-SAVE-007,Add corrupt-save and migration recovery,SAVE,Persistence engineer,G2,P1,DRAFT,B,Implement backup selection and one tested schema migration,"Truncation, invalid revision and prior-version fixtures recover or fail visibly ; The changed behavior is exercised through the named production boundary, or explicitly classified as a contract/artifact-only task. ; Independent review checks the negative control and current integration applicability.",Recovery never silently replaces progress with a fresh profile,VG-GOV-001 ; VG-SAVE-003,native/persistence/profile/add-corrupt-save-and-migration-recovery.hpp ; native/tests/roadmap/save-007_contract_test.cpp,native/include/verdigris/networking.hpp ; native/src/networking.cpp ; native/src/server_main.cpp,
VG-SAVE-008,Fault-inject the durable loop,SAVE,Persistence engineer,G3,P1,DRAFT,B,Kill the process at controlled transaction checkpoints on disposable profiles,"Extraction, death and crafting preserve declared invariants across restart ; The changed behavior is exercised through the named production boundary, or explicitly classified as a contract/artifact-only task. ; Independent review checks the negative control and current integration applicability.",Never run destructive fault tests on real owner saves,VG-GOV-001 ; VG-SAVE-005 ; VG-SAVE-006 ; VG-SAVE-007 ; VG-FORGE-003,native/persistence/profile/fault-inject-the-durable-loop.hpp ; native/tests/roadmap/save-008_contract_test.cpp,native/include/verdigris/networking.hpp ; native/src/networking.cpp ; native/src/server_main.cpp,
VG-HOUSE-001,Define horizontal House investment,HOUSE,Progression engineer / designer,G1,P0,DRAFT,B,Specify one durable access or preparation unlock with bounded power,"Benefit, cost and successor inheritance are explicit and approved ; The changed behavior is exercised through the named production boundary, or explicitly classified as a contract/artifact-only task. ; Independent review checks the negative control and current integration applicability.",Unlimited cumulative damage is not the default House reward,VG-GOV-001 ; VG-GOV-007 ; VG-GOV-006,native/systems/house/define-horizontal-house-investment.hpp ; native/tests/roadmap/house-001_contract_test.cpp,native/src/networking.cpp ; native/client/main.cpp,
VG-HOUSE-002,Integrate one House investment,HOUSE,Progression engineer / designer,G2,P1,DRAFT,B,Apply one approved investment using the canonical profile service,"Cost and access survive restart and affect a real route or preparation option ; The changed behavior is exercised through the named production boundary, or explicitly classified as a contract/artifact-only task. ; Independent review checks the negative control and current integration applicability.",UI-only purchased state cannot unlock gameplay,VG-GOV-001 ; VG-HOUSE-001 ; VG-SAVE-004 ; VG-CORE-004,native/systems/house/integrate-one-house-investment.hpp ; native/tests/roadmap/house-002_contract_test.cpp,native/src/networking.cpp ; native/client/main.cpp,TASK-0200 ; TASK-0201
VG-HOUSE-003,Bound the Legends event record,HOUSE,Progression engineer / designer,G2,P1,DRAFT,B,Store milestone records and counters with a fixed retention policy,"Repeated combat keeps history within its budget while retaining key events ; The changed behavior is exercised through the named production boundary, or explicitly classified as a contract/artifact-only task. ; Independent review checks the negative control and current integration applicability.",One string per hit cannot grow the save without bound,VG-GOV-001 ; VG-CORE-006 ; VG-SAVE-002,native/systems/house/bound-the-legends-event-record.hpp ; native/tests/roadmap/house-003_contract_test.cpp,native/src/networking.cpp ; native/client/main.cpp,
VG-HOUSE-004,Create one relic recovery claim,HOUSE,Progression engineer / designer,G2,P1,DRAFT,B,Represent a fallen item's recoverable eligibility and provenance,"One candidate surfaces at most once and remains attributable to its owner ; The changed behavior is exercised through the named production boundary, or explicitly classified as a contract/artifact-only task. ; Independent review checks the negative control and current integration applicability.",Abandoning a spawned relic cannot duplicate its recovery eligibility,VG-GOV-001 ; VG-SAVE-006 ; VG-HOUSE-003 ; VG-ITEM-001,native/systems/house/create-one-relic-recovery-claim.hpp ; native/tests/roadmap/house-004_contract_test.cpp,native/src/networking.cpp ; native/client/main.cpp,TASK-0202
VG-HOUSE-005,Reward a targeted recovery expedition,HOUSE,Progression engineer / designer,G3,P1,DRAFT,B,Bind one disclosed recovery opportunity to route and reward rules,"Real expedition recovery updates item ownership and crypt status together ; The changed behavior is exercised through the named production boundary, or explicitly classified as a contract/artifact-only task. ; Independent review checks the negative control and current integration applicability.",A client cannot choose an arbitrary lost item ID as a reward,VG-GOV-001 ; VG-HOUSE-004 ; VG-WORLD-005 ; VG-SAVE-004,native/systems/house/reward-a-targeted-recovery-expedition.hpp ; native/tests/roadmap/house-005_contract_test.cpp,native/src/networking.cpp ; native/client/main.cpp,
VG-HOUSE-006,Complete the successor front door,HOUSE,Progression engineer / designer,G3,P1,DRAFT,B,"Wire death summary, successor creation and preparation into native UI","A player understands retained/lost value and returns to play with a successor ; The changed behavior is exercised through the named production boundary, or explicitly classified as a contract/artifact-only task. ; Independent review checks the negative control and current integration applicability.",The old Scion's complete bag cannot silently transfer,VG-GOV-001 ; VG-SAVE-006 ; VG-HOUSE-002 ; VG-UI-006,native/systems/house/complete-the-successor-front-door.hpp ; native/tests/roadmap/house-006_contract_test.cpp,native/src/networking.cpp ; native/client/main.cpp,TASK-0145 ; TASK-0197
VG-HOUSE-007,Bound a named monster Legend,HOUSE,Progression engineer / designer,G4,P2,DRAFT,B,Persist one escaped killer's bounded modifier/history record for later use,"Replay produces a capped future encounter variant with readable provenance ; The changed behavior is exercised through the named production boundary, or explicitly classified as a contract/artifact-only task. ; Independent review checks the negative control and current integration applicability.",A past monster cannot gain unbounded levels from repeated records,VG-GOV-001 ; VG-HOUSE-003 ; VG-ENEMY-006 ; VG-GOV-007,native/systems/house/bound-a-named-monster-legend.hpp ; native/tests/roadmap/house-007_contract_test.cpp,native/src/networking.cpp ; native/client/main.cpp,
VG-HOUSE-008,Prove a multigeneration House journey,HOUSE,Progression engineer / designer,G3,P1,DRAFT,B,"Complete expedition, craft, mortal death, successor and targeted recovery","Three-session test preserves history and creates meaningful changed choices ; The changed behavior is exercised through the named production boundary, or explicitly classified as a contract/artifact-only task. ; Independent review checks the negative control and current integration applicability.",A disconnected client cannot skip the approved loss policy,VG-GOV-001 ; VG-HOUSE-005 ; VG-HOUSE-006 ; VG-FORGE-006 ; VG-QA-003,native/systems/house/prove-a-multigeneration-house-journey.hpp ; native/tests/roadmap/house-008_contract_test.cpp,native/src/networking.cpp ; native/client/main.cpp,
VG-WORLD-001,Freeze world coordinate conversion,WORLD,World-generation engineer,G1,P0,DRAFT,B,"Specify tile, world, render and navigation conversions","Round-trip and boundary fixtures agree at walls, stairs and screen picking ; The changed behavior is exercised through the named production boundary, or explicitly classified as a contract/artifact-only task. ; Independent review checks the negative control and current integration applicability.",UI scaling must not alter authoritative collision coordinates,VG-GOV-001 ; VG-CORE-002,native/content/world/freeze-world-coordinate-conversion.hpp ; native/tests/roadmap/world-001_contract_test.cpp,native/src/core.cpp ; native/client/presentation_state.cpp,
VG-WORLD-002,Expose one canonical collision query,WORLD,World-generation engineer,G1,P0,DRAFT,B,Provide solid/line/swept queries over a validated instance layout,"Collision and navigation agree on a fixed corridor/corner fixture ; The changed behavior is exercised through the named production boundary, or explicitly classified as a contract/artifact-only task. ; Independent review checks the negative control and current integration applicability.",A visually blocked wall cannot be traversable by the canonical query,VG-GOV-001 ; VG-WORLD-001 ; VG-CORE-001,native/content/world/expose-one-canonical-collision-query.hpp ; native/tests/roadmap/world-002_contract_test.cpp,native/src/core.cpp ; native/client/presentation_state.cpp,
VG-WORLD-003,Integrate one Cartographer seed,WORLD,World-generation engineer,G2,P1,DRAFT,B,Load one generated layout through the native content boundary,"Same version and seed yield identical topology and metadata ; The changed behavior is exercised through the named production boundary, or explicitly classified as a contract/artifact-only task. ; Independent review checks the negative control and current integration applicability.",A content adapter cannot mutate the simulation RNG stream unexpectedly,VG-GOV-001 ; VG-GOV-004 ; VG-WORLD-001 ; VG-TOOLS-002 ; VG-CORE-005,native/content/world/integrate-one-cartographer-seed.hpp ; native/tests/roadmap/world-003_contract_test.cpp,native/src/core.cpp ; native/client/presentation_state.cpp,TASK-0191 ; TASK-0192
VG-WORLD-004,Validate objective and exit reachability,WORLD,World-generation engineer,G2,P1,DRAFT,B,"Add graph checks for entrance, exit, mandatory objective and safe spawn","A large seed corpus reports exact failing seeds and paths ; The changed behavior is exercised through the named production boundary, or explicitly classified as a contract/artifact-only task. ; Independent review checks the negative control and current integration applicability.",Intentionally blocked exits and unreachable bosses fail the gate,VG-GOV-001 ; VG-WORLD-003 ; VG-WORLD-002,native/content/world/validate-objective-and-exit-reachability.hpp ; native/tests/roadmap/world-004_contract_test.cpp,native/src/core.cpp ; native/client/presentation_state.cpp,
VG-WORLD-005,Publish a route decision contract,WORLD,World-generation engineer,G2,P1,DRAFT,B,"Describe goal, danger, reward family, branch and return condition","Route UI consumes authored facts rather than names alone ; The changed behavior is exercised through the named production boundary, or explicitly classified as a contract/artifact-only task. ; Independent review checks the negative control and current integration applicability.",Missing reward or extraction semantics are visible validation failures,VG-GOV-001 ; VG-WORLD-003 ; VG-GOV-007,native/content/world/publish-a-route-decision-contract.hpp ; native/tests/roadmap/world-005_contract_test.cpp,native/src/core.cpp ; native/client/presentation_state.cpp,
VG-WORLD-006,Implement instance retirement rules,WORLD,World-generation engineer,G2,P1,DRAFT,B,"Apply approved reentry, floor-drop and pending-recovery semantics","Reentering and retiring an instance follow the same authoritative policy ; The changed behavior is exercised through the named production boundary, or explicitly classified as a contract/artifact-only task. ; Independent review checks the negative control and current integration applicability.",Leaving a floor cannot duplicate ground drops or retire durable claims,VG-GOV-001 ; VG-GOV-006 ; VG-CORE-007 ; VG-ITEM-005,native/content/world/implement-instance-retirement-rules.hpp ; native/tests/roadmap/world-006_contract_test.cpp,native/src/core.cpp ; native/client/presentation_state.cpp,TASK-0176 ; TASK-0189
VG-WORLD-007,Integrate one portal or gate interaction,WORLD,World-generation engineer,G3,P1,DRAFT,B,Connect the existing gate model to validated entry/return commands,"Real controls enter and leave the correct instance with explicit failure feedback ; The changed behavior is exercised through the named production boundary, or explicitly classified as a contract/artifact-only task. ; Independent review checks the negative control and current integration applicability.",A presentation-only gate cannot grant route access,VG-GOV-001 ; VG-WORLD-005 ; VG-WORLD-006 ; VG-UI-006,native/content/world/integrate-one-portal-or-gate-interaction.hpp ; native/tests/roadmap/world-007_contract_test.cpp,native/src/core.cpp ; native/client/presentation_state.cpp,TASK-0175 ; TASK-0188
VG-WORLD-008,Separate visual dressing from topology,WORLD,World-generation engineer,G3,P1,DRAFT,B,Apply a versioned decoration pass to one approved layout,"Art changes leave collision, spawn and reward seeds unchanged ; The changed behavior is exercised through the named production boundary, or explicitly classified as a contract/artifact-only task. ; Independent review checks the negative control and current integration applicability.",A tree visual cannot create an unreported authoritative obstacle,VG-GOV-001 ; VG-WORLD-003 ; VG-ART-004 ; VG-GPU-005,native/content/world/separate-visual-dressing-from-topology.hpp ; native/tests/roadmap/world-008_contract_test.cpp,native/src/core.cpp ; native/client/presentation_state.cpp,
VG-ENEMY-001,Implement one pursuit role,ENEMY,AI engineer / encounter designer,G2,P1,DRAFT,B,"Give one enemy a bounded pursue, attack and disengage state machine","Enemy reaches legal melee contact and stops at authored leash conditions ; The changed behavior is exercised through the named production boundary, or explicitly classified as a contract/artifact-only task. ; Independent review checks the negative control and current integration applicability.",It cannot chase through walls or attack outside its geometry,VG-GOV-001 ; VG-WORLD-002 ; VG-ACT-002,native/systems/encounters/implement-one-pursuit-role.hpp ; native/tests/roadmap/enemy-001_contract_test.cpp,native/src/core.cpp ; native/client/presentation_state.cpp,
VG-ENEMY-002,Finish the existing ranged-role packet,ENEMY,AI engineer / encounter designer,G2,P1,DRAFT,B,Reuse or extend TASK-0108 for one visible ranged attack,"Damage is preceded by an attributable warning and legal ranged hit ; The changed behavior is exercised through the named production boundary, or explicitly classified as a contract/artifact-only task. ; Independent review checks the negative control and current integration applicability.",The same enemy labeled melee does not perform the ranged attack,VG-GOV-001 ; VG-GOV-004 ; VG-ACT-004 ; VG-ACT-005,native/systems/encounters/finish-the-existing-ranged-role-packet.hpp ; native/tests/roadmap/enemy-002_contract_test.cpp,native/src/core.cpp ; native/client/presentation_state.cpp,TASK-0108
VG-ENEMY-003,Implement one support role,ENEMY,AI engineer / encounter designer,G2,P1,DRAFT,B,Add one approved buff/heal action with target choice and cooldown,"Support changes a pack interaction through the shared effects system ; The changed behavior is exercised through the named production boundary, or explicitly classified as a contract/artifact-only task. ; Independent review checks the negative control and current integration applicability.",Dead or out-of-range allies cannot receive the effect,VG-GOV-001 ; VG-STAT-005 ; VG-ENEMY-001,native/systems/encounters/implement-one-support-role.hpp ; native/tests/roadmap/enemy-003_contract_test.cpp,native/src/core.cpp ; native/client/presentation_state.cpp,
VG-ENEMY-004,Add bounded local avoidance,ENEMY,AI engineer / encounter designer,G2,P1,DRAFT,B,Resolve one multi-enemy congestion case around a doorway,"A fixed pack does not stack into one point or permanently block itself ; The changed behavior is exercised through the named production boundary, or explicitly classified as a contract/artifact-only task. ; Independent review checks the negative control and current integration applicability.",Increased pack count must remain within the per-tick work budget,VG-GOV-001 ; VG-ENEMY-001 ; VG-WORLD-002 ; VG-PERF-002,native/systems/encounters/add-bounded-local-avoidance.hpp ; native/tests/roadmap/enemy-004_contract_test.cpp,native/src/core.cpp ; native/client/presentation_state.cpp,
VG-ENEMY-005,Cook one mixed-role encounter,ENEMY,AI engineer / encounter designer,G2,P1,DRAFT,B,Author one melee/ranged/support pack with spawn and escape constraints,"The pack validates and produces more than one tactical priority ; The changed behavior is exercised through the named production boundary, or explicitly classified as a contract/artifact-only task. ; Independent review checks the negative control and current integration applicability.",Random spawn ordering cannot place the player under unavoidable instant damage,VG-GOV-001 ; VG-ENEMY-001 ; VG-ENEMY-002 ; VG-ENEMY-003 ; VG-WORLD-004,native/systems/encounters/cook-one-mixed-role-encounter.hpp ; native/tests/roadmap/enemy-005_contract_test.cpp,native/src/core.cpp ; native/client/presentation_state.cpp,
VG-ENEMY-006,Constrain elite modifier composition,ENEMY,AI engineer / encounter designer,G3,P1,DRAFT,B,Validate and instantiate one permitted elite combination,"Budget, incompatibility and telegraph visibility rules are enforced ; The changed behavior is exercised through the named production boundary, or explicitly classified as a contract/artifact-only task. ; Independent review checks the negative control and current integration applicability.",An invalid combination cannot produce unavoidable overlapping threats,VG-GOV-001 ; VG-ENEMY-005 ; VG-STAT-007,native/systems/encounters/constrain-elite-modifier-composition.hpp ; native/tests/roadmap/enemy-006_contract_test.cpp,native/src/core.cpp ; native/client/presentation_state.cpp,
VG-ENEMY-007,Implement one boss phase transition,ENEMY,AI engineer / encounter designer,G3,P1,DRAFT,B,Add one approved boss phase using existing action primitives,"Threshold transition cancels stale attacks and changes a readable pattern ; The changed behavior is exercised through the named production boundary, or explicitly classified as a contract/artifact-only task. ; Independent review checks the negative control and current integration applicability.",Phase changes cannot duplicate rewards or trigger dead attacks,VG-GOV-001 ; VG-ENEMY-005 ; VG-ACT-006 ; VG-GOV-007,native/systems/encounters/implement-one-boss-phase-transition.hpp ; native/tests/roadmap/enemy-007_contract_test.cpp,native/src/core.cpp ; native/client/presentation_state.cpp,
VG-ENEMY-008,Playtest encounter counterplay,ENEMY,AI engineer / encounter designer,G3,P1,DRAFT,B,Record fixed-build runs against mixed pack and boss,"Review identifies threat source, usable response and failure cause ; The changed behavior is exercised through the named production boundary, or explicitly classified as a contract/artifact-only task. ; Independent review checks the negative control and current integration applicability.",A successful damage sponge test does not prove readable counterplay,VG-GOV-001 ; VG-ENEMY-006 ; VG-ENEMY-007 ; VG-ACT-007 ; VG-QA-004,native/systems/encounters/playtest-encounter-counterplay.hpp ; native/tests/roadmap/enemy-008_contract_test.cpp,native/src/core.cpp ; native/client/presentation_state.cpp,
VG-STORY-001,Author the first goal card,STORY,Level designer / narrative designer,G2,P1,DRAFT,B,Write one concise expedition objective with explicit stakes and reward,"New players can state why they are leaving and what safe return means ; The changed behavior is exercised through the named production boundary, or explicitly classified as a contract/artifact-only task. ; Independent review checks the negative control and current integration applicability.",The objective is not a checklist with unexplained nouns,VG-GOV-001 ; VG-GOV-007 ; VG-WORLD-005,native/content/campaign/author-the-first-goal-card.md,native/content ; native/client/main.cpp,
VG-STORY-002,Author one combat room chunk,STORY,Level designer / narrative designer,G2,P1,DRAFT,B,"Build one approved room with sightlines, retreat and collision metadata","Room runs with the reference pack without invalid spawn or blocked exit ; The changed behavior is exercised through the named production boundary, or explicitly classified as a contract/artifact-only task. ; Independent review checks the negative control and current integration applicability.",A decorative chokepoint cannot become an unavoidable kill trap,VG-GOV-001 ; VG-WORLD-002 ; VG-ART-004 ; VG-GOV-007,native/content/campaign/author-one-combat-room-chunk.md,native/content ; native/client/main.cpp,
VG-STORY-003,Author one optional branch payoff,STORY,Level designer / narrative designer,G3,P1,DRAFT,B,Define one optional encounter and durable reward-access consequence,"Taking or skipping the branch produces a documented difference ; The changed behavior is exercised through the named production boundary, or explicitly classified as a contract/artifact-only task. ; Independent review checks the negative control and current integration applicability.",The branch cannot become mandatory without the campaign graph declaring it,VG-GOV-001 ; VG-STORY-002 ; VG-HOUSE-002 ; VG-WORLD-005,native/content/campaign/author-one-optional-branch-payoff.md,native/content ; native/client/main.cpp,
VG-STORY-004,Integrate one hub service interaction,STORY,Level designer / narrative designer,G2,P1,DRAFT,B,Connect an approved NPC/service prompt to House preparation,"Real input opens the correct service and returns focus to gameplay ; The changed behavior is exercised through the named production boundary, or explicitly classified as a contract/artifact-only task. ; Independent review checks the negative control and current integration applicability.",A dialogue shell with no service command does not count,VG-GOV-001 ; VG-GOV-004 ; VG-UI-006 ; VG-HOUSE-002,native/content/campaign/integrate-one-hub-service-interaction.md,native/content ; native/client/main.cpp,TASK-0177 ; TASK-0190
VG-STORY-005,Persist one House campaign edge,STORY,Level designer / narrative designer,G2,P1,DRAFT,B,Store the completion/unlock of one route edge at House scope,"A successor retains that edge without replaying the mandatory node ; The changed behavior is exercised through the named production boundary, or explicitly classified as a contract/artifact-only task. ; Independent review checks the negative control and current integration applicability.",Scion replacement cannot reset the House campaign graph,VG-GOV-001 ; VG-SAVE-004 ; VG-WORLD-005,native/content/campaign/persist-one-house-campaign-edge.md,native/content ; native/client/main.cpp,
VG-STORY-006,Add successor catch-up choice,STORY,Level designer / narrative designer,G3,P1,DRAFT,B,Implement one approved leveling or preparation alternative,"A new Scion has a meaningful route that uses prior House knowledge ; The changed behavior is exercised through the named production boundary, or explicitly classified as a contract/artifact-only task. ; Independent review checks the negative control and current integration applicability.",Catch-up cannot grant another character's complete equipped build for free,VG-GOV-001 ; VG-HOUSE-006 ; VG-STORY-005 ; VG-GOV-007,native/content/campaign/add-successor-catch-up-choice.md,native/content ; native/client/main.cpp,
VG-STORY-007,Assemble the first expedition route,STORY,Level designer / narrative designer,G3,P1,DRAFT,B,"Connect approved rooms, objective, boss and return into one route","Fresh-profile native journey completes without developer grants ; The changed behavior is exercised through the named production boundary, or explicitly classified as a contract/artifact-only task. ; Independent review checks the negative control and current integration applicability.",A menu shortcut cannot bypass unimplemented traversal or rewards,VG-GOV-001 ; VG-STORY-001 ; VG-STORY-002 ; VG-ENEMY-007 ; VG-WORLD-007 ; VG-STORY-004,native/content/campaign/assemble-the-first-expedition-route.md,native/content ; native/client/main.cpp,TASK-0203 ; TASK-0205
VG-STORY-008,Instantiate the second-biome content lot,STORY,Level designer / narrative designer,G4,P2,DRAFT,B,Create scoped child packets from the approved content manifest,"Every room, enemy, audio and art asset has an individual integration gate ; The changed behavior is exercised through the named production boundary, or explicitly classified as a contract/artifact-only task. ; Independent review checks the negative control and current integration applicability.",A biome epic cannot be marked finished by creating its folders or tasks,VG-GOV-001 ; VG-QA-006 ; VG-TOOLS-005 ; VG-GOV-007,native/content/campaign/instantiate-the-second-biome-content-lot.md,native/content ; native/client/main.cpp,
VG-END-001,Define one repeatable expedition contract,END,Endgame designer / systems engineer,G2,P1,DRAFT,B,"Specify selectable target, risk modifier, reward pool and exit rule","Contract gives a concrete reason to run again beyond a larger level number ; The changed behavior is exercised through the named production boundary, or explicitly classified as a contract/artifact-only task. ; Independent review checks the negative control and current integration applicability.",Unbounded difficulty and reward scaling are excluded from the initial contract,VG-GOV-001 ; VG-GOV-007 ; VG-WORLD-005,native/systems/expeditions/define-one-repeatable-expedition-contract.hpp ; native/tests/roadmap/end-001_contract_test.cpp,native/content ; native/src/core.cpp,
VG-END-002,Implement one risk-reward modifier,END,Endgame designer / systems engineer,G4,P2,DRAFT,B,Apply an approved threat change and explicit reward consequence,"The modifier changes encounter decisions and reports its reward adjustment ; The changed behavior is exercised through the named production boundary, or explicitly classified as a contract/artifact-only task. ; Independent review checks the negative control and current integration applicability.",More enemy life alone does not satisfy the interaction requirement,VG-GOV-001 ; VG-END-001 ; VG-ENEMY-006 ; VG-ITEM-003,native/systems/expeditions/implement-one-risk-reward-modifier.hpp ; native/tests/roadmap/end-002_contract_test.cpp,native/content ; native/src/core.cpp,
VG-END-003,Add target-family reward weighting,END,Endgame designer / systems engineer,G4,P2,DRAFT,B,Expose a bounded targeted item/material objective in the drop generator,"Seeded samples show the documented conditional distribution ; The changed behavior is exercised through the named production boundary, or explicitly classified as a contract/artifact-only task. ; Independent review checks the negative control and current integration applicability.",Targeting cannot guarantee unrestricted best-in-slot outcomes,VG-GOV-001 ; VG-END-001 ; VG-ITEM-008,native/systems/expeditions/add-target-family-reward-weighting.hpp ; native/tests/roadmap/end-003_contract_test.cpp,native/content ; native/src/core.cpp,
VG-END-004,Unlock one endgame specialization choice,END,Endgame designer / systems engineer,G4,P2,DRAFT,B,Spend a House resource on one reversible or explicitly irreversible route modifier,"The choice changes eligible expedition content and survives restart ; The changed behavior is exercised through the named production boundary, or explicitly classified as a contract/artifact-only task. ; Independent review checks the negative control and current integration applicability.",Respec cannot duplicate rewards or refund more than was spent,VG-GOV-001 ; VG-END-002 ; VG-HOUSE-002 ; VG-SAVE-004,native/systems/expeditions/unlock-one-endgame-specialization-choice.hpp ; native/tests/roadmap/end-004_contract_test.cpp,native/content ; native/src/core.cpp,
VG-END-005,Implement one relic-hunt chain,END,Endgame designer / systems engineer,G4,P2,DRAFT,B,"Link a disclosed clue, encounter and recovery reward","Chain completion updates the unique recovery claim exactly once ; The changed behavior is exercised through the named production boundary, or explicitly classified as a contract/artifact-only task. ; Independent review checks the negative control and current integration applicability.",Abandon/retry cannot surface the same item in two expeditions,VG-GOV-001 ; VG-HOUSE-005 ; VG-END-003,native/systems/expeditions/implement-one-relic-hunt-chain.hpp ; native/tests/roadmap/end-005_contract_test.cpp,native/content ; native/src/core.cpp,
VG-END-006,Attach one optional mechanic module,END,Endgame designer / systems engineer,G4,P2,DRAFT,B,Reuse the seasonal boundary for one opt-in risk/reward demonstration,"Module observes events, owns bounded state and detaches cleanly ; The changed behavior is exercised through the named production boundary, or explicitly classified as a contract/artifact-only task. ; Independent review checks the negative control and current integration applicability.",Removing the module leaves base combat and extraction semantics intact,VG-GOV-001 ; VG-CORE-006 ; VG-END-002 ; VG-TOOLS-002,native/systems/expeditions/attach-one-optional-mechanic-module.hpp ; native/tests/roadmap/end-006_contract_test.cpp,native/content ; native/src/core.cpp,
VG-END-007,Simulate endgame sources and sinks,END,Endgame designer / systems engineer,G4,P2,DRAFT,B,Model one approved expedition/crafting cycle over a seed cohort,"Report material supply, craft consumption and runaway wealth conditions ; The changed behavior is exercised through the named production boundary, or explicitly classified as a contract/artifact-only task. ; Independent review checks the negative control and current integration applicability.",An average positive loop is not dismissed when exploit replay compounds it,VG-GOV-001 ; VG-END-003 ; VG-FORGE-008,native/systems/expeditions/simulate-endgame-sources-and-sinks.hpp ; native/tests/roadmap/end-007_contract_test.cpp,native/content ; native/src/core.cpp,
VG-END-008,Accept one repeatable endgame session,END,Endgame designer / systems engineer,G4,P2,DRAFT,B,"Playtest target selection, modifier, reward and follow-on decision","Players can explain the next goal after two distinct runs ; The changed behavior is exercised through the named production boundary, or explicitly classified as a contract/artifact-only task. ; Independent review checks the negative control and current integration applicability.",Repeating the same corridor with inflated health does not pass,VG-GOV-001 ; VG-END-004 ; VG-END-005 ; VG-END-006 ; VG-END-007 ; VG-QA-004,native/systems/expeditions/accept-one-repeatable-endgame-session.hpp ; native/tests/roadmap/end-008_contract_test.cpp,native/content ; native/src/core.cpp,
VG-GPU-001,Build an isolated cross-platform GPU sample,GPU,Rendering engineer,G1,P0,DRAFT,B,Create the approved backend experiment outside the production core,"Window, textured quad and clean shutdown run on Windows and macOS ; The changed behavior is exercised through the named production boundary, or explicitly classified as a contract/artifact-only task. ; Independent review checks the negative control and current integration applicability.",A Windows-only proof cannot settle the cross-platform decision,VG-GOV-001 ; VG-GOV-005,native/renderer/gpu/build-an-isolated-cross-platform-gpu-sample.hpp ; native/tests/roadmap/gpu-001_contract_test.cpp,native/CMakeLists.txt ; native/client/main.cpp,
VG-GPU-002,Preserve semantic render commands,GPU,Rendering engineer,G2,P1,DRAFT,B,Adapt one recorded draw class to a backend-neutral render packet,"Existing headless semantics remain deterministic without GPU state ; The changed behavior is exercised through the named production boundary, or explicitly classified as a contract/artifact-only task. ; Independent review checks the negative control and current integration applicability.",Backend resources cannot enter an authoritative snapshot,VG-GOV-001 ; VG-GPU-001 ; VG-CORE-006,native/client/render_list.hpp ; native/tests/roadmap/gpu-002_contract_test.cpp,native/CMakeLists.txt ; native/client/main.cpp,
VG-GPU-003,Cook shaders and resource bindings,GPU,Rendering engineer,G2,P1,DRAFT,B,Produce a versioned shader artifact for each selected backend,"Clean builds compile/load matching shaders without runtime source paths ; The changed behavior is exercised through the named production boundary, or explicitly classified as a contract/artifact-only task. ; Independent review checks the negative control and current integration applicability.",Wrong backend or stale layout fails explicitly rather than rendering silently,VG-GOV-001 ; VG-GPU-001 ; VG-TOOLS-002,native/renderer/gpu/cook-shaders-and-resource-bindings.hpp ; native/tests/roadmap/gpu-003_contract_test.cpp,native/CMakeLists.txt ; native/client/main.cpp,
VG-GPU-004,Render the native reference scene,GPU,Rendering engineer,G2,P1,DRAFT,B,"Draw actors, world, effects and HUD through the GPU presentation bridge","Packaged scene displays the approved composition on both platforms ; The changed behavior is exercised through the named production boundary, or explicitly classified as a contract/artifact-only task. ; Independent review checks the negative control and current integration applicability.",A standalone GPU demo disconnected from session events cannot pass,VG-GOV-001 ; VG-GPU-002 ; VG-GPU-003 ; VG-ART-001,native/renderer/gpu/render-the-native-reference-scene.hpp ; native/tests/roadmap/gpu-004_contract_test.cpp,native/CMakeLists.txt ; native/client/main.cpp,
VG-GPU-005,Implement grounding and occlusion,GPU,Rendering engineer,G2,P1,DRAFT,B,Add one depth/height and contact-shadow policy for actors and scenery,"Actor feet, walls and scenery sort consistently through movement ; The changed behavior is exercised through the named production boundary, or explicitly classified as a contract/artifact-only task. ; Independent review checks the negative control and current integration applicability.",A foreground wall cannot hide mandatory threat telegraphs completely,VG-GOV-001 ; VG-GPU-004 ; VG-WORLD-001,native/renderer/gpu/implement-grounding-and-occlusion.hpp ; native/tests/roadmap/gpu-005_contract_test.cpp,native/CMakeLists.txt ; native/client/main.cpp,
VG-GPU-006,Add one dynamic material-light interaction,GPU,Rendering engineer,G3,P1,DRAFT,B,Implement one approved normal/emissive or 3D material effect,"A moving light visibly affects the reference material without erasing contrast ; The changed behavior is exercised through the named production boundary, or explicitly classified as a contract/artifact-only task. ; Independent review checks the negative control and current integration applicability.",Overbright additive effects cannot conceal damage zones,VG-GOV-001 ; VG-GPU-005 ; VG-ART-002,native/renderer/gpu/add-one-dynamic-material-light-interaction.hpp ; native/tests/roadmap/gpu-006_contract_test.cpp,native/CMakeLists.txt ; native/client/main.cpp,
VG-GPU-007,Capture actual rendered output,GPU,Rendering engineer,G2,P1,DRAFT,B,Add deterministic scene setup and backend-specific image readback,"Captures include build/content/platform provenance and usable image files ; The changed behavior is exercised through the named production boundary, or explicitly classified as a contract/artifact-only task. ; Independent review checks the negative control and current integration applicability.",A semantic draw log is never substituted for pixel evidence,VG-GOV-001 ; VG-GPU-004 ; VG-QA-002,native/renderer/gpu/capture-actual-rendered-output.hpp ; native/tests/roadmap/gpu-007_contract_test.cpp,native/CMakeLists.txt ; native/client/main.cpp,
VG-GPU-008,Recover renderer resource loss,GPU,Rendering engineer,G3,P1,DRAFT,B,"Handle resize, scale change and backend recreation for the selected APIs","Repeated recreation preserves resources and displays visible errors on failure ; The changed behavior is exercised through the named production boundary, or explicitly classified as a contract/artifact-only task. ; Independent review checks the negative control and current integration applicability.",Minimize/restore cannot leak textures indefinitely or crash,VG-GOV-001 ; VG-GPU-004 ; VG-PERF-004,native/renderer/gpu/recover-renderer-resource-loss.hpp ; native/tests/roadmap/gpu-008_contract_test.cpp,native/CMakeLists.txt ; native/client/main.cpp,
VG-ART-001,Approve one visual target sheet,ART,Art director / technical artist,G1,P0,DRAFT,B,"Establish camera, adult proportions, material palette and contrast hierarchy","Owner and art reviewer approve a named in-game composition target ; The changed behavior is exercised through the named production boundary, or explicitly classified as a contract/artifact-only task. ; Independent review checks the negative control and current integration applicability.",External concept images alone cannot count as in-game fidelity,VG-GOV-001 ; VG-GOV-003 ; VG-GOV-005 ; VG-GOV-007,native/client/assets/production/approve-one-visual-target-sheet.md,native/client/assets ; native/client/main.cpp,TASK-0206
VG-ART-002,Create one production material family,ART,Art director / technical artist,G2,P1,DRAFT,B,Deliver source and cooked maps for the reference bronze/stone family,"Scale, lighting response and provenance match the asset specification ; The changed behavior is exercised through the named production boundary, or explicitly classified as a contract/artifact-only task. ; Independent review checks the negative control and current integration applicability.",Placeholder color fills do not pass as finished materials,VG-GOV-001 ; VG-ART-001 ; VG-TOOLS-003,native/client/assets/production/create-one-production-material-family.md,native/client/assets ; native/client/main.cpp,
VG-ART-003,Produce one complete attack animation,ART,Art director / technical artist,G2,P1,DRAFT,B,"Deliver windup, active, recovery and cancel poses for one approved action","Poses align to simulation phase markers and remain readable at game scale ; The changed behavior is exercised through the named production boundary, or explicitly classified as a contract/artifact-only task. ; Independent review checks the negative control and current integration applicability.",Frame count alone cannot approve weight or timing,VG-GOV-001 ; VG-ART-001 ; VG-ACT-001 ; VG-TOOLS-003,native/client/assets/production/produce-one-complete-attack-animation.md,native/client/assets ; native/client/main.cpp,TASK-0173 ; TASK-0186 ; TASK-0187
VG-ART-004,Produce one environment kit chunk,ART,Art director / technical artist,G2,P1,DRAFT,B,"Deliver one room/terrain kit with pivots, collision proxies and source files","Parts assemble without seams, scale drift or missing references ; The changed behavior is exercised through the named production boundary, or explicitly classified as a contract/artifact-only task. ; Independent review checks the negative control and current integration applicability.",Collision may not be baked only into an artist's local scene,VG-GOV-001 ; VG-ART-001 ; VG-TOOLS-003,native/client/assets/production/produce-one-environment-kit-chunk.md,native/client/assets ; native/client/main.cpp,
VG-ART-005,Show one equipped item on the actor,ART,Art director / technical artist,G3,P1,DRAFT,B,Bind one weapon/armor appearance to authoritative equipment identity,"Equip/unequip changes the correct actor layer or attachment in real play ; The changed behavior is exercised through the named production boundary, or explicitly classified as a contract/artifact-only task. ; Independent review checks the negative control and current integration applicability.",A paper-doll icon alone does not satisfy world appearance,VG-GOV-001 ; VG-ART-003 ; VG-ITEM-004 ; VG-GPU-004,native/client/assets/production/show-one-equipped-item-on-the-actor.md,native/client/assets ; native/client/main.cpp,
VG-ART-006,Create one coherent spell VFX family,ART,Art director / technical artist,G3,P1,DRAFT,B,"Deliver cast, travel, impact and cancellation effects for the reference weave","Effects share identity, fit budgets and preserve enemy-warning visibility ; The changed behavior is exercised through the named production boundary, or explicitly classified as a contract/artifact-only task. ; Independent review checks the negative control and current integration applicability.",A large screen-filling effect cannot pass on spectacle alone,VG-GOV-001 ; VG-BUILD-006 ; VG-ART-001 ; VG-GPU-006,native/client/assets/production/create-one-coherent-spell-vfx-family.md,native/client/assets ; native/client/main.cpp,
VG-ART-007,Finish one mixed-pack silhouette review,ART,Art director / technical artist,G3,P1,DRAFT,B,Review reference enemies at normal camera distance with low-color evidence,"Each role remains identifiable by silhouette, motion or shape cues ; The changed behavior is exercised through the named production boundary, or explicitly classified as a contract/artifact-only task. ; Independent review checks the negative control and current integration applicability.",Color alone cannot distinguish critical enemy roles,VG-GOV-001 ; VG-ENEMY-005 ; VG-ART-003 ; VG-GPU-004,native/client/assets/production/finish-one-mixed-pack-silhouette-review.md,native/client/assets ; native/client/main.cpp,
VG-ART-008,Approve one in-game fidelity capture set,ART,Art director / technical artist,G3,P1,DRAFT,B,"Compare ordinary-play captures with the approved target, scoring weaknesses","Lighting, actors, materials, VFX and UI each receive an explicit verdict ; The changed behavior is exercised through the named production boundary, or explicitly classified as a contract/artifact-only task. ; Independent review checks the negative control and current integration applicability.",Off-path beauty shots cannot substitute for the playable route,VG-GOV-001 ; VG-ART-004 ; VG-ART-005 ; VG-ART-006 ; VG-ART-007 ; VG-GPU-007 ; VG-UI-007,native/client/assets/production/approve-one-in-game-fidelity-capture-set.md,native/client/assets ; native/client/main.cpp,
VG-UI-001,Integrate one pane ownership model,UI,UI engineer / UX designer,G1,P0,DRAFT,B,Adopt current pane/focus foundations in the native shell,"Open, close, stack and Escape behavior are deterministic through real input ; The changed behavior is exercised through the named production boundary, or explicitly classified as a contract/artifact-only task. ; Independent review checks the negative control and current integration applicability.",A pane-model unit test alone does not prove native integration,VG-GOV-001 ; VG-GOV-004,native/client/main.cpp ; native/tests/roadmap/ui-001_contract_test.cpp,native/client/main.cpp,TASK-0158 ; TASK-0170
VG-UI-002,Integrate spatial inventory moves,UI,UI engineer / UX designer,G2,P1,DRAFT,B,Connect grid drag and placement preview to authoritative move requests,"Valid placement works and invalid placement returns the unchanged item ; The changed behavior is exercised through the named production boundary, or explicitly classified as a contract/artifact-only task. ; Independent review checks the negative control and current integration applicability.","Failed drag cannot lose, duplicate or equip an item silently",VG-GOV-001 ; VG-UI-001 ; VG-ITEM-004,native/client/ui/integrate-spatial-inventory-moves.hpp ; native/tests/roadmap/ui-002_contract_test.cpp,native/client/main.cpp,TASK-0171 ; TASK-0184
VG-UI-003,Integrate equipment and comparison,UI,UI engineer / UX designer,G2,P1,DRAFT,B,"Connect paper doll, equip action and comparison tooltip to live data","Tooltip and actor stats update from the acknowledged equip result ; The changed behavior is exercised through the named production boundary, or explicitly classified as a contract/artifact-only task. ; Independent review checks the negative control and current integration applicability.",Optimistic UI state cannot pretend a rejected equip succeeded,VG-GOV-001 ; VG-UI-002 ; VG-ITEM-004,native/client/ui/integrate-equipment-and-comparison.hpp ; native/tests/roadmap/ui-003_contract_test.cpp,native/client/main.cpp,TASK-0172 ; TASK-0184
VG-UI-004,Add readable stat explanations,UI,UI engineer / UX designer,G2,P1,DRAFT,B,Show one expandable stat source breakdown and inactive-effect label,"Player can distinguish base, gear, passive and conditional contributions ; The changed behavior is exercised through the named production boundary, or explicitly classified as a contract/artifact-only task. ; Independent review checks the negative control and current integration applicability.",Dormant values cannot be included as active damage,VG-GOV-001 ; VG-UI-001 ; VG-STAT-002,native/client/ui/add-readable-stat-explanations.hpp ; native/tests/roadmap/ui-004_contract_test.cpp,native/client/main.cpp,
VG-UI-005,Implement map and route explanation,UI,UI engineer / UX designer,G3,P1,DRAFT,B,"Integrate side map, overlay and a route card with return/risk facts","Zoom, placement and opacity work without changing world semantics ; The changed behavior is exercised through the named production boundary, or explicitly classified as a contract/artifact-only task. ; Independent review checks the negative control and current integration applicability.",Map settings cannot reveal server-hidden targets unintentionally,VG-GOV-001 ; VG-WORLD-005 ; VG-UI-001 ; VG-GPU-004,native/client/ui/implement-map-and-route-explanation.hpp ; native/tests/roadmap/ui-005_contract_test.cpp,native/client/main.cpp,
VG-UI-006,Integrate Chronicles and service navigation,UI,UI engineer / UX designer,G2,P1,DRAFT,B,"Connect House/Scion selection, service panes and error feedback","Keyboard/mouse flow creates, selects and prepares the authoritative character ; The changed behavior is exercised through the named production boundary, or explicitly classified as a contract/artifact-only task. ; Independent review checks the negative control and current integration applicability.",Local widget state cannot grant a House or select a dead Scion,VG-GOV-001 ; VG-UI-001 ; VG-CORE-004,native/client/ui/integrate-chronicles-and-service-navigation.hpp ; native/tests/roadmap/ui-006_contract_test.cpp,native/client/main.cpp,
VG-UI-007,Validate scalable UI and non-color cues,UI,UI engineer / UX designer,G3,P1,DRAFT,B,"Test the slice at approved resolutions, DPI and accessible contrast settings","Text and tooltips fit; danger has shape or sound cues; controls remain usable ; The changed behavior is exercised through the named production boundary, or explicitly classified as a contract/artifact-only task. ; Independent review checks the negative control and current integration applicability.",Shrinking fonts below the agreed minimum does not solve overflow,VG-GOV-001 ; VG-UI-003 ; VG-UI-005 ; VG-UI-006 ; VG-GPU-004,native/client/ui/validate-scalable-ui-and-non-color-cues.hpp ; native/tests/roadmap/ui-007_contract_test.cpp,native/client/main.cpp,
VG-UI-008,Complete one controller interaction path,UI,UI engineer / UX designer,G4,P2,DRAFT,B,"Map movement, targeting and inventory focus for one supported controller","The full reference loop works with controller hotplug and clear glyphs ; The changed behavior is exercised through the named production boundary, or explicitly classified as a contract/artifact-only task. ; Independent review checks the negative control and current integration applicability.",Mouse emulation alone does not count as controller UX acceptance,VG-GOV-001 ; VG-MOVE-006 ; VG-UI-007 ; VG-GOV-007,native/client/ui/complete-one-controller-interaction-path.hpp ; native/tests/roadmap/ui-008_contract_test.cpp,native/client/main.cpp,
VG-SOUND-001,Choose and test one audio device adapter,SOUND,Audio engineer / sound designer,G1,P0,DRAFT,B,Implement the approved output backend behind the existing scheduler,"A packaged generated test tone plays and shuts down on both platforms ; The changed behavior is exercised through the named production boundary, or explicitly classified as a contract/artifact-only task. ; Independent review checks the negative control and current integration applicability.",A scheduled cue without audible output does not pass,VG-GOV-001 ; VG-GOV-005,native/audio/runtime/choose-and-test-one-audio-device-adapter.hpp ; native/tests/roadmap/sound-001_contract_test.cpp,native/CMakeLists.txt ; native/client/main.cpp,TASK-0157
VG-SOUND-002,Package one legal sound family,SOUND,Audio engineer / sound designer,G2,P1,DRAFT,B,"Add licensed/source-traceable swing, impact and warning assets","Manifest and cooked bank contain the approved variants and metadata ; The changed behavior is exercised through the named production boundary, or explicitly classified as a contract/artifact-only task. ; Independent review checks the negative control and current integration applicability.",Missing provenance blocks shipping even when playback works,VG-GOV-001 ; VG-SOUND-001 ; VG-TOOLS-003 ; VG-GOV-007,native/audio/runtime/package-one-legal-sound-family.hpp ; native/tests/roadmap/sound-002_contract_test.cpp,native/CMakeLists.txt ; native/client/main.cpp,
VG-SOUND-003,Map authoritative combat beats to sound,SOUND,Audio engineer / sound designer,G2,P1,DRAFT,B,"Connect attack, impact, warning and death events to actual playback","An ordinary fight emits the intended cues with no duplicated event playback ; The changed behavior is exercised through the named production boundary, or explicitly classified as a contract/artifact-only task. ; Independent review checks the negative control and current integration applicability.",Replaying the same event ID cannot double-play an impact,VG-GOV-001 ; VG-SOUND-002 ; VG-CORE-006,native/audio/runtime/map-authoritative-combat-beats-to-sound.hpp ; native/tests/roadmap/sound-003_contract_test.cpp,native/CMakeLists.txt ; native/client/main.cpp,TASK-0204
VG-SOUND-004,Enforce voice limits and priorities,SOUND,Audio engineer / sound designer,G2,P1,DRAFT,B,Bound voices and reserve priority for danger-critical warnings,"Dense encounter test keeps warnings audible within the declared voice budget ; The changed behavior is exercised through the named production boundary, or explicitly classified as a contract/artifact-only task. ; Independent review checks the negative control and current integration applicability.",Low-priority cosmetic sounds cannot starve critical cues,VG-GOV-001 ; VG-SOUND-003 ; VG-PERF-002,native/audio/runtime/enforce-voice-limits-and-priorities.hpp ; native/tests/roadmap/sound-004_contract_test.cpp,native/CMakeLists.txt ; native/client/main.cpp,
VG-SOUND-005,Add one environment ambience layer,SOUND,Audio engineer / sound designer,G3,P1,DRAFT,B,Integrate region ambience with spatial/zone transition rules,"Enter/exit and crossfade have no clicks, runaway loops or missing assets ; The changed behavior is exercised through the named production boundary, or explicitly classified as a contract/artifact-only task. ; Independent review checks the negative control and current integration applicability.",Rapid zone reentry cannot accumulate additional ambient loops,VG-GOV-001 ; VG-SOUND-001 ; VG-WORLD-007,native/audio/runtime/add-one-environment-ambience-layer.hpp ; native/tests/roadmap/sound-005_contract_test.cpp,native/CMakeLists.txt ; native/client/main.cpp,
VG-SOUND-006,Persist audio accessibility controls,SOUND,Audio engineer / sound designer,G2,P1,DRAFT,B,Save master/category volumes and relevant cue options,"Relaunch preserves controls and zero-volume categories remain silent ; The changed behavior is exercised through the named production boundary, or explicitly classified as a contract/artifact-only task. ; Independent review checks the negative control and current integration applicability.",A critical-setting change cannot reset unrelated user preferences,VG-GOV-001 ; VG-SOUND-003 ; VG-SHIP-001 ; VG-UI-001,native/audio/runtime/persist-audio-accessibility-controls.hpp ; native/tests/roadmap/sound-006_contract_test.cpp,native/CMakeLists.txt ; native/client/main.cpp,
VG-SOUND-007,Score one dense-combat mix,SOUND,Audio engineer / sound designer,G3,P1,DRAFT,B,Capture and review a repeatable mixed pack plus boss encounter,"Review records audibility, dynamic range and cue attribution issues ; The changed behavior is exercised through the named production boundary, or explicitly classified as a contract/artifact-only task. ; Independent review checks the negative control and current integration applicability.",An isolated sound preview cannot prove the combat mix works,VG-GOV-001 ; VG-SOUND-004 ; VG-SOUND-005 ; VG-ENEMY-007 ; VG-QA-004,native/audio/runtime/score-one-dense-combat-mix.hpp ; native/tests/roadmap/sound-007_contract_test.cpp,native/CMakeLists.txt ; native/client/main.cpp,
VG-SOUND-008,Add one music state transition,SOUND,Audio engineer / sound designer,G3,P1,DRAFT,B,Implement exploration/combat/recovery transitions for approved music,"Phase changes transition cleanly with explicit restart and mute behavior ; The changed behavior is exercised through the named production boundary, or explicitly classified as a contract/artifact-only task. ; Independent review checks the negative control and current integration applicability.",Paused or unloaded scenes cannot leave competing music states active,VG-GOV-001 ; VG-SOUND-006 ; VG-STORY-007 ; VG-GOV-007,native/audio/runtime/add-one-music-state-transition.hpp ; native/tests/roadmap/sound-008_contract_test.cpp,native/CMakeLists.txt ; native/client/main.cpp,
VG-NET-001,Version the production snapshot contract,NET,Network engineer,G1,P0,DRAFT,C,Define an authenticated gameplay snapshot/delta surface to replace dev polling,"Contract names sequence, tick, entity lifetime and profile revision ; The changed behavior is exercised through the named production boundary, or explicitly classified as a contract/artifact-only task. ; Independent review checks the negative control and current integration applicability.",dev:state is not the required release synchronization API,VG-GOV-001 ; VG-CORE-006 ; VG-CORE-004,native/networking/replication/version-the-production-snapshot-contract.hpp ; native/tests/roadmap/net-001_contract_test.cpp,native/src/networking.cpp ; native/client/remote_session.cpp,
VG-NET-002,Implement input acknowledgement,NET,Network engineer,G2,P1,DRAFT,C,Stamp accepted inputs with sequence and authoritative tick,"Duplicate and out-of-window inputs are rejected without additional motion ; The changed behavior is exercised through the named production boundary, or explicitly classified as a contract/artifact-only task. ; Independent review checks the negative control and current integration applicability.",Packet replay cannot grant more simulation steps,VG-GOV-001 ; VG-NET-001 ; VG-CORE-003,native/networking/replication/implement-input-acknowledgement.hpp ; native/tests/roadmap/net-002_contract_test.cpp,native/src/networking.cpp ; native/client/remote_session.cpp,
VG-NET-003,Predict and reconcile local movement,NET,Network engineer,G2,P1,DRAFT,C,Add bounded non-authoritative prediction for the player actor,"Delayed acknowledgements converge without persistent position drift ; The changed behavior is exercised through the named production boundary, or explicitly classified as a contract/artifact-only task. ; Independent review checks the negative control and current integration applicability.","Prediction cannot authorize hits, pickups or extraction",VG-GOV-001 ; VG-NET-002 ; VG-MOVE-003,native/networking/replication/predict-and-reconcile-local-movement.hpp ; native/tests/roadmap/net-003_contract_test.cpp,native/src/networking.cpp ; native/client/remote_session.cpp,
VG-NET-004,Interpolate remote actor snapshots,NET,Network engineer,G2,P1,DRAFT,C,Buffer and interpolate other actors with explicit discontinuity rules,"Jittered updates remain smooth and teleport/death reset interpolation ; The changed behavior is exercised through the named production boundary, or explicitly classified as a contract/artifact-only task. ; Independent review checks the negative control and current integration applicability.",Interpolation never resurrects a despawned actor,VG-GOV-001 ; VG-NET-001 ; VG-GPU-004,native/networking/replication/interpolate-remote-actor-snapshots.hpp ; native/tests/roadmap/net-004_contract_test.cpp,native/src/networking.cpp ; native/client/remote_session.cpp,
VG-NET-005,Resynchronize after connection loss,NET,Network engineer,G2,P1,DRAFT,B,Restore a full authoritative snapshot with event/revision deduplication,"Reconnect preserves durable state and discards stale prediction ; The changed behavior is exercised through the named production boundary, or explicitly classified as a contract/artifact-only task. ; Independent review checks the negative control and current integration applicability.",Silent local fallback and duplicate reward presentation fail the test,VG-GOV-001 ; VG-NET-001 ; VG-SAVE-003 ; VG-CORE-006,native/client/remote_session.cpp ; native/tests/roadmap/net-005_contract_test.cpp,native/src/networking.cpp ; native/client/remote_session.cpp,
VG-NET-006,Isolate two players in a shared instance,NET,Network engineer,G4,P2,DRAFT,C,Move per-player combat/input state out of shared mutable singleton fields,"Two clients retain independent targets, resources, cooldowns and death states ; The changed behavior is exercised through the named production boundary, or explicitly classified as a contract/artifact-only task. ; Independent review checks the negative control and current integration applicability.",Player two cannot inherit player one's active target or attacks,VG-GOV-001 ; VG-CORE-007 ; VG-NET-002 ; VG-ACT-008,native/networking/replication/isolate-two-players-in-a-shared-instance.hpp ; native/tests/roadmap/net-006_contract_test.cpp,native/src/networking.cpp ; native/client/remote_session.cpp,
VG-NET-007,Resolve cooperative loot ownership,NET,Network engineer,G4,P2,DRAFT,B,Apply the approved loot allocation rule to simultaneous party pickup,"Exactly one ownership transfer occurs and every client sees the result ; The changed behavior is exercised through the named production boundary, or explicitly classified as a contract/artifact-only task. ; Independent review checks the negative control and current integration applicability.",Repeated pickup or disconnect cannot duplicate a party item,VG-GOV-001 ; VG-NET-006 ; VG-ITEM-005 ; VG-SAVE-004 ; VG-GOV-007,native/networking/replication/resolve-cooperative-loot-ownership.hpp ; native/tests/roadmap/net-007_contract_test.cpp,native/src/networking.cpp ; native/client/remote_session.cpp,
VG-NET-008,Run an impaired-network party journey,NET,Network engineer,G4,P2,DRAFT,B,"Exercise two native clients under delay, jitter, disconnect and restart","Fight, pickup, equip, extraction and reconnect pass with recorded impairment ; The changed behavior is exercised through the named production boundary, or explicitly classified as a contract/artifact-only task. ; Independent review checks the negative control and current integration applicability.",Loopback-only success cannot certify wide-area playability,VG-GOV-001 ; VG-NET-003 ; VG-NET-004 ; VG-NET-005 ; VG-NET-007 ; VG-SEC-007 ; VG-QA-005,native/networking/replication/run-an-impaired-network-party-journey.hpp ; native/tests/roadmap/net-008_contract_test.cpp,native/src/networking.cpp ; native/client/remote_session.cpp,
VG-SEC-001,Bound JSON nesting and allocation,SEC,Security-minded systems engineer,G1,P0,DRAFT,B,"Add explicit depth, token and byte budgets to the existing parser","Deep and wide malformed inputs fail without crash or state mutation ; The changed behavior is exercised through the named production boundary, or explicitly classified as a contract/artifact-only task. ; Independent review checks the negative control and current integration applicability.",A frame-size limit alone cannot satisfy the recursion-depth requirement,VG-GOV-001 ; VG-GOV-004,native/src/networking.cpp ; native/tests/roadmap/sec-001_contract_test.cpp,native/src/networking.cpp ; native/client/remote_session.cpp,
VG-SEC-002,Bound route identifiers and generation work,SEC,Security-minded systems engineer,G2,P1,DRAFT,B,Validate tier/index against allowed frontier and compute within fixed limits,"Extreme and invalid node IDs are rejected before generation ; The changed behavior is exercised through the named production boundary, or explicitly classified as a contract/artifact-only task. ; Independent review checks the negative control and current integration applicability.",Client-supplied depth cannot trigger unbounded recursion,VG-GOV-001 ; VG-GOV-004 ; VG-WORLD-005,native/src/networking.cpp ; native/tests/roadmap/sec-002_contract_test.cpp,native/src/networking.cpp ; native/client/remote_session.cpp,
VG-SEC-003,Derive economic values on the server,SEC,Security-minded systems engineer,G2,P1,DRAFT,B,Ignore echoed prices and validate positive bounded quantities,"Invalid purchases and bank transfers leave the ledger unchanged ; The changed behavior is exercised through the named production boundary, or explicitly classified as a contract/artifact-only task. ; Independent review checks the negative control and current integration applicability.",Negative quantity or zero client price cannot mint value,VG-GOV-001 ; VG-ITEM-001 ; VG-CORE-004,native/src/networking.cpp ; native/tests/roadmap/sec-003_contract_test.cpp,native/src/networking.cpp ; native/client/remote_session.cpp,
VG-SEC-004,Remove release access to dev mutation,SEC,Security-minded systems engineer,G2,P1,DRAFT,B,Gate developer endpoints behind explicit non-release configuration,"Packaged release rejects grants, teleports and artificial death commands ; The changed behavior is exercised through the named production boundary, or explicitly classified as a contract/artifact-only task. ; Independent review checks the negative control and current integration applicability.",A normal guest cannot enable developer mode through an envelope,VG-GOV-001 ; VG-NET-001 ; VG-SHIP-002,native/src/networking.cpp ; native/tests/roadmap/sec-004_contract_test.cpp,native/src/networking.cpp ; native/client/remote_session.cpp,
VG-SEC-005,Add connection and session work limits,SEC,Security-minded systems engineer,G2,P1,DRAFT,B,"Bound per-client rate, queue, memory and disconnected-session retention","Flood fixtures are throttled and inactive sessions follow safe eviction ; The changed behavior is exercised through the named production boundary, or explicitly classified as a contract/artifact-only task. ; Independent review checks the negative control and current integration applicability.",Session eviction cannot discard uncommitted durable state,VG-GOV-001 ; VG-SAVE-003 ; VG-NET-002,native/networking/validation/add-connection-and-session-work-limits.hpp ; native/tests/roadmap/sec-005_contract_test.cpp,native/src/networking.cpp ; native/client/remote_session.cpp,
VG-SEC-006,Authenticate online profile access,SEC,Security-minded systems engineer,G4,P2,DRAFT,B,Bind session identity to an approved credential and authorization policy,"Wrong account cannot replace or load another profile by replaying an ID ; The changed behavior is exercised through the named production boundary, or explicitly classified as a contract/artifact-only task. ; Independent review checks the negative control and current integration applicability.",A guestId string is not accepted as public-server authentication,VG-GOV-001 ; VG-GOV-007 ; VG-CORE-004 ; VG-SEC-005,native/networking/validation/authenticate-online-profile-access.hpp ; native/tests/roadmap/sec-006_contract_test.cpp,native/src/networking.cpp ; native/client/remote_session.cpp,
VG-SEC-007,Approve secure network deployment,SEC,Security-minded systems engineer,G4,P2,DRAFT,B,Add encrypted transport/deployment policy and an isolated hosting test,"Credential handling, transport and environment configuration pass review ; The changed behavior is exercised through the named production boundary, or explicitly classified as a contract/artifact-only task. ; Independent review checks the negative control and current integration applicability.",The loopback prototype is never exposed by merely changing bind address,VG-GOV-001 ; VG-SEC-001 ; VG-SEC-002 ; VG-SEC-003 ; VG-SEC-004 ; VG-SEC-006,native/networking/validation/approve-secure-network-deployment.hpp ; native/tests/roadmap/sec-007_contract_test.cpp,native/src/networking.cpp ; native/client/remote_session.cpp,
VG-SEC-008,Fuzz state-changing boundaries,SEC,Security-minded systems engineer,G4,P2,DRAFT,B,Run bounded parser/command/save fuzzers on disposable fixtures,"Crashes, leaks and invariant failures retain minimized repro inputs ; The changed behavior is exercised through the named production boundary, or explicitly classified as a contract/artifact-only task. ; Independent review checks the negative control and current integration applicability.",A fuzzer finding cannot be silenced by weakening the invariant,VG-GOV-001 ; VG-SEC-001 ; VG-SEC-003 ; VG-SAVE-007 ; VG-QA-007,native/networking/validation/fuzz-state-changing-boundaries.hpp ; native/tests/roadmap/sec-008_contract_test.cpp,native/src/networking.cpp ; native/client/remote_session.cpp,
VG-TOOLS-001,Unify content IDs and schema validation,TOOLS,Tools engineer,G1,P0,DRAFT,B,Add a shared ID/reference policy for one content manifest,"Duplicate IDs, dangling references and unknown fields are reported precisely ; The changed behavior is exercised through the named production boundary, or explicitly classified as a contract/artifact-only task. ; Independent review checks the negative control and current integration applicability.",Two unrelated asset packs cannot silently reuse one runtime ID,VG-GOV-001 ; VG-GOV-004,native/tools/content/unify-content-ids-and-schema-validation.py ; native/tests/roadmap/tools-001_contract_test.cpp,native/content ; native/CMakeLists.txt,
VG-TOOLS-002,Cook a versioned runtime bundle,TOOLS,Tools engineer,G1,P0,DRAFT,B,Compile one validated content set into a version/hash-addressed package,"Same source inputs and tool version reproduce the same bundle manifest ; The changed behavior is exercised through the named production boundary, or explicitly classified as a contract/artifact-only task. ; Independent review checks the negative control and current integration applicability.",Client and server mismatched content versions fail explicitly,VG-GOV-001 ; VG-TOOLS-001,native/tools/content/cook-a-versioned-runtime-bundle.py ; native/tests/roadmap/tools-002_contract_test.cpp,native/content ; native/CMakeLists.txt,
VG-TOOLS-003,Require asset provenance at cooking,TOOLS,Tools engineer,G1,P0,DRAFT,B,"Record source, license/permission, authoring recipe and output hash","Missing or stale provenance blocks the distributable asset package ; The changed behavior is exercised through the named production boundary, or explicitly classified as a contract/artifact-only task. ; Independent review checks the negative control and current integration applicability.",An asset filename is not proof of permission or origin,VG-GOV-001 ; VG-GOV-004 ; VG-TOOLS-001,native/tools/content/require-asset-provenance-at-cooking.py ; native/tests/roadmap/tools-003_contract_test.cpp,native/content ; native/CMakeLists.txt,TASK-0166 ; TASK-0167 ; TASK-0168 ; TASK-0169 ; TASK-0179
VG-TOOLS-004,Provide one content preview utility,TOOLS,Tools engineer,G3,P1,DRAFT,B,"Preview a selected item, actor or room in the same runtime definitions","Editing approved content changes the preview without touching combat code ; The changed behavior is exercised through the named production boundary, or explicitly classified as a contract/artifact-only task. ; Independent review checks the negative control and current integration applicability.",Preview cannot introduce rules unavailable to the production client,VG-GOV-001 ; VG-TOOLS-002 ; VG-GPU-004,native/tools/content/provide-one-content-preview-utility.py ; native/tests/roadmap/tools-004_contract_test.cpp,native/content ; native/CMakeLists.txt,
VG-TOOLS-005,Generate scoped content-lot packets,TOOLS,Tools engineer,G3,P1,DRAFT,B,Expand one approved asset manifest into bounded task cards,"Each asset has spec, implementation/art, integration and review dependencies ; The changed behavior is exercised through the named production boundary, or explicitly classified as a contract/artifact-only task. ; Independent review checks the negative control and current integration applicability.",Creating child tasks never marks their parent content lot complete,VG-GOV-001 ; VG-GOV-008 ; VG-TOOLS-001,native/tools/content/generate-scoped-content-lot-packets.py ; native/tests/roadmap/tools-005_contract_test.cpp,native/content ; native/CMakeLists.txt,
VG-TOOLS-006,Reload one development content category,TOOLS,Tools engineer,G3,P1,DRAFT,B,Implement safe development-only reload with version boundaries,"Reload updates the selected category or reports a visible validation error ; The changed behavior is exercised through the named production boundary, or explicitly classified as a contract/artifact-only task. ; Independent review checks the negative control and current integration applicability.",Existing sessions never mix two incompatible gameplay definition versions,VG-GOV-001 ; VG-TOOLS-002 ; VG-CORE-004,native/tools/content/reload-one-development-content-category.py ; native/tests/roadmap/tools-006_contract_test.cpp,native/content ; native/CMakeLists.txt,
VG-TOOLS-007,Create a deterministic build sandbox,TOOLS,Tools engineer,G2,P1,DRAFT,B,Load an approved build/seed encounter for comparison without production grants,"Sandbox records build/content/seed and cannot alter real profiles ; The changed behavior is exercised through the named production boundary, or explicitly classified as a contract/artifact-only task. ; Independent review checks the negative control and current integration applicability.",A debug sandbox result is labeled separately from ordinary-play evidence,VG-GOV-001 ; VG-BUILD-001 ; VG-TOOLS-002 ; VG-QA-001,native/tools/content/create-a-deterministic-build-sandbox.py ; native/tests/roadmap/tools-007_contract_test.cpp,native/content ; native/CMakeLists.txt,
VG-TOOLS-008,Cook a package without the source checkout,TOOLS,Tools engineer,G3,P1,DRAFT,B,Validate every runtime dependency from a clean staged directory,"Reference route loads with no absolute developer paths or missing files ; The changed behavior is exercised through the named production boundary, or explicitly classified as a contract/artifact-only task. ; Independent review checks the negative control and current integration applicability.",A file available only beside the repository cannot mask packaging failure,VG-GOV-001 ; VG-TOOLS-002 ; VG-TOOLS-003 ; VG-SHIP-002,native/tools/content/cook-a-package-without-the-source-checkout.py ; native/tests/roadmap/tools-008_contract_test.cpp,native/content ; native/CMakeLists.txt,
VG-QA-001,Standardize evidence manifests,QA,QA / automation engineer,G0,P0,DRAFT,B,"Define build, content, seed, commands, machine and artifact hash records","A test result can be traced to an exact implementation and environment ; The changed behavior is exercised through the named production boundary, or explicitly classified as a contract/artifact-only task. ; Independent review checks the negative control and current integration applicability.",Screenshots without provenance cannot certify a current task,VG-GOV-001,native/tests/journeys/standardize-evidence-manifests.py ; native/tests/roadmap/qa-001_contract_test.cpp,native/tests ; native/tools/ci-native.ps1,
VG-QA-002,Preserve headless presentation contracts,QA,QA / automation engineer,G1,P0,DRAFT,B,Add a fixture mapping one authoritative event to a semantic render/audio intent,"The fixture fails when the intended bridge is removed ; The changed behavior is exercised through the named production boundary, or explicitly classified as a contract/artifact-only task. ; Independent review checks the negative control and current integration applicability.",A mocked event not emitted by the game cannot prove the whole journey,VG-GOV-001 ; VG-CORE-006 ; VG-QA-001,native/tests/journeys/preserve-headless-presentation-contracts.py ; native/tests/roadmap/qa-002_contract_test.cpp,native/tests ; native/tools/ci-native.ps1,
VG-QA-003,Run the real guest expedition,QA,QA / automation engineer,G2,P1,DRAFT,B,"Drive login, move, combat, loot, equip and return over the supported session","Fresh disposable profile completes without direct state mutation ; The changed behavior is exercised through the named production boundary, or explicitly classified as a contract/artifact-only task. ; Independent review checks the negative control and current integration applicability.",Dev grants and preloaded success states invalidate the run,VG-GOV-001 ; VG-CORE-007 ; VG-ITEM-004 ; VG-ITEM-005 ; VG-ACT-005,native/tests/journeys/run-the-real-guest-expedition.py ; native/tests/roadmap/qa-003_contract_test.cpp,native/tests ; native/tools/ci-native.ps1,
VG-QA-004,Specify fresh-player playtest scoring,QA,QA / automation engineer,G1,P0,DRAFT,B,"Create a repeatable protocol for comprehension, danger, reward and agency","Observer records behavior and errors, not only satisfaction comments ; The changed behavior is exercised through the named production boundary, or explicitly classified as a contract/artifact-only task. ; Independent review checks the negative control and current integration applicability.",Developer coaching is logged and cannot be hidden as independent success,VG-GOV-001 ; VG-GOV-003 ; VG-GOV-007,native/tests/journeys/specify-fresh-player-playtest-scoring.py ; native/tests/roadmap/qa-004_contract_test.cpp,native/tests ; native/tools/ci-native.ps1,
VG-QA-005,Inject repeatable network impairment,QA,QA / automation engineer,G2,P1,DRAFT,B,"Add a test proxy or harness for latency, jitter, loss and disconnect","Scenario records exact impairment schedule and failure recovery evidence ; The changed behavior is exercised through the named production boundary, or explicitly classified as a contract/artifact-only task. ; Independent review checks the negative control and current integration applicability.",Network success without the enabled impairment fails the test setup,VG-GOV-001 ; VG-NET-001 ; VG-QA-001,native/tests/journeys/inject-repeatable-network-impairment.py ; native/tests/roadmap/qa-005_contract_test.cpp,native/tests ; native/tools/ci-native.ps1,
VG-QA-006,Accept the persistent quality slice,QA,QA / automation engineer,G3,P1,DRAFT,B,"Combine ordinary-play, restart, fidelity, audio and three-build evidence","All slice dimensions pass independently on the named build and content ; The changed behavior is exercised through the named production boundary, or explicitly classified as a contract/artifact-only task. ; Independent review checks the negative control and current integration applicability.",No averaged score can hide a zero in integrity or readability,VG-GOV-001 ; VG-QA-003 ; VG-SAVE-008 ; VG-HOUSE-008 ; VG-BUILD-008 ; VG-STORY-007 ; VG-ART-008 ; VG-SOUND-007 ; VG-PERF-008 ; VG-SHIP-004,native/tests/journeys/accept-the-persistent-quality-slice.py ; native/tests/roadmap/qa-006_contract_test.cpp,native/tests ; native/tools/ci-native.ps1,TASK-0205 ; TASK-0206 ; TASK-0207 ; TASK-0208
VG-QA-007,Enable sanitizers and boundary tests,QA,QA / automation engineer,G1,P0,DRAFT,B,Add supported sanitizer builds and parser/save regression corpora,"Clean instrumented runs record toolchain and unsupported-platform limitations ; The changed behavior is exercised through the named production boundary, or explicitly classified as a contract/artifact-only task. ; Independent review checks the negative control and current integration applicability.",Release-only test success does not substitute for instrumented checks,VG-GOV-001 ; VG-CORE-002,native/tests/journeys/enable-sanitizers-and-boundary-tests.py ; native/tests/roadmap/qa-007_contract_test.cpp,native/tests ; native/tools/ci-native.ps1,
VG-QA-008,Freeze a release-candidate evidence bundle,QA,QA / automation engineer,G5,P2,DRAFT,B,"Gather signed-off journeys, defects, migrations and package hashes","Every must-pass gate references the exact candidate and blockers are closed ; The changed behavior is exercised through the named production boundary, or explicitly classified as a contract/artifact-only task. ; Independent review checks the negative control and current integration applicability.",Accepted work on an earlier SHA cannot certify a changed candidate,VG-GOV-001 ; VG-QA-006 ; VG-NET-008 ; VG-SEC-008 ; VG-SHIP-006 ; VG-LIVE-008,native/tests/journeys/freeze-a-release-candidate-evidence-bundle.py ; native/tests/roadmap/qa-008_contract_test.cpp,native/tests ; native/tools/ci-native.ps1,
VG-PERF-001,Name reference machines and trace schema,PERF,Performance engineer,G0,P0,DRAFT,B,Record CPU/GPU/OS/display and per-frame trace fields,"Capture includes simulation, rendering, upload, UI and network timing ; The changed behavior is exercised through the named production boundary, or explicitly classified as a contract/artifact-only task. ; Independent review checks the negative control and current integration applicability.",Unnamed hardware cannot establish a portable performance target,VG-GOV-001 ; VG-GOV-003,native/tools/performance/name-reference-machines-and-trace-schema.py ; native/tests/roadmap/perf-001_contract_test.cpp,native/client/main.cpp ; native/src/core.cpp,
VG-PERF-002,Budget per-tick gameplay work,PERF,Performance engineer,G1,P0,DRAFT,B,"Define and instrument actor, projectile, effect and query work limits","Dense fixture reports p50/p95/p99 tick cost and budget breaches ; The changed behavior is exercised through the named production boundary, or explicitly classified as a contract/artifact-only task. ; Independent review checks the negative control and current integration applicability.",An entity-count-only benchmark cannot claim GPU performance,VG-GOV-001 ; VG-CORE-003 ; VG-PERF-001,native/tools/performance/budget-per-tick-gameplay-work.py ; native/tests/roadmap/perf-002_contract_test.cpp,native/client/main.cpp ; native/src/core.cpp,
VG-PERF-003,Batch one expensive draw category,PERF,Performance engineer,G3,P1,DRAFT,B,Optimize one measured sprite/effect category without changing appearance,"Before/after traces show improvement with equivalent visual output ; The changed behavior is exercised through the named production boundary, or explicitly classified as a contract/artifact-only task. ; Independent review checks the negative control and current integration applicability.",An optimization that drops required warnings or actors fails,VG-GOV-001 ; VG-GPU-004 ; VG-PERF-001,native/tools/performance/batch-one-expensive-draw-category.py ; native/tests/roadmap/perf-003_contract_test.cpp,native/client/main.cpp ; native/src/core.cpp,
VG-PERF-004,Bound renderer resource lifetime,PERF,Performance engineer,G2,P1,DRAFT,B,"Track texture/buffer counts across load, unload and recreation","Repeated transitions return to the expected resource envelope ; The changed behavior is exercised through the named production boundary, or explicitly classified as a contract/artifact-only task. ; Independent review checks the negative control and current integration applicability.",Stable FPS does not excuse steadily growing GPU memory,VG-GOV-001 ; VG-GPU-004 ; VG-PERF-001,native/tools/performance/bound-renderer-resource-lifetime.py ; native/tests/roadmap/perf-004_contract_test.cpp,native/client/main.cpp ; native/src/core.cpp,
VG-PERF-005,Bound a loot-heavy label scene,PERF,Performance engineer,G3,P1,DRAFT,B,Limit layout work and prioritize legible actionable labels,"Dense drops remain selectable within the approved UI/frame budget ; The changed behavior is exercised through the named production boundary, or explicitly classified as a contract/artifact-only task. ; Independent review checks the negative control and current integration applicability.",Culling labels must not make an eligible item impossible to pick up,VG-GOV-001 ; VG-ITEM-006 ; VG-UI-003 ; VG-GPU-004,native/tools/performance/bound-a-loot-heavy-label-scene.py ; native/tests/roadmap/perf-005_contract_test.cpp,native/client/main.cpp ; native/src/core.cpp,
VG-PERF-006,Warm assets and shaders predictably,PERF,Performance engineer,G3,P1,DRAFT,B,Remove one measured first-use combat hitch with explicit preparation,"Cold and warm traces show loading policy and remaining hitches ; The changed behavior is exercised through the named production boundary, or explicitly classified as a contract/artifact-only task. ; Independent review checks the negative control and current integration applicability.",Hiding cold traces cannot produce a passing report,VG-GOV-001 ; VG-GPU-003 ; VG-TOOLS-008 ; VG-PERF-001,native/tools/performance/warm-assets-and-shaders-predictably.py ; native/tests/roadmap/perf-006_contract_test.cpp,native/client/main.cpp ; native/src/core.cpp,
VG-PERF-007,Run a long-session memory soak,PERF,Performance engineer,G3,P1,DRAFT,B,"Repeat zone, combat, inventory and reconnect transitions","CPU/GPU/session memory reaches a bounded envelope with diagnostic traces ; The changed behavior is exercised through the named production boundary, or explicitly classified as a contract/artifact-only task. ; Independent review checks the negative control and current integration applicability.",A short scene cannot establish multi-hour stability,VG-GOV-001 ; VG-GPU-008 ; VG-NET-005 ; VG-PERF-004,native/tools/performance/run-a-long-session-memory-soak.py ; native/tests/roadmap/perf-007_contract_test.cpp,native/client/main.cpp ; native/src/core.cpp,
VG-PERF-008,Accept dense-play frame pacing,PERF,Performance engineer,G3,P1,DRAFT,B,Measure the full mixed encounter in the packaged native build,"Meets approved frame/tick/input budgets or records a blocking regression ; The changed behavior is exercised through the named production boundary, or explicitly classified as a contract/artifact-only task. ; Independent review checks the negative control and current integration applicability.",Headless logs and average FPS alone cannot certify the gate,VG-GOV-001 ; VG-PERF-002 ; VG-PERF-003 ; VG-PERF-005 ; VG-PERF-006 ; VG-PERF-007 ; VG-MOVE-008,native/tools/performance/accept-dense-play-frame-pacing.py ; native/tests/roadmap/perf-008_contract_test.cpp,native/client/main.cpp ; native/src/core.cpp,TASK-0152 ; TASK-0207
VG-SHIP-001,Choose user-writable data paths,SHIP,Build / release engineer,G1,P0,DRAFT,B,"Resolve saves, config, logs and captures by platform policy","Application starts from a read-only install location with isolated test profiles ; The changed behavior is exercised through the named production boundary, or explicitly classified as a contract/artifact-only task. ; Independent review checks the negative control and current integration applicability.",Real owner profiles are never the default test destination,VG-GOV-001 ; VG-GOV-007,native/tools/package/choose-user-writable-data-paths.py ; native/tests/roadmap/ship-001_contract_test.cpp,native/CMakeLists.txt ; native/tools/ci-native.ps1 ; .github/workflows/native.yml,
VG-SHIP-002,Create a standalone development package,SHIP,Build / release engineer,G1,P0,DRAFT,B,"Stage executables, assets, notices and a launch entry point","Clean machine launches without source checkout or build tools ; The changed behavior is exercised through the named production boundary, or explicitly classified as a contract/artifact-only task. ; Independent review checks the negative control and current integration applicability.",Missing runtime dependencies cannot be fetched invisibly at launch,VG-GOV-001 ; VG-GOV-004 ; VG-TOOLS-002,native/tools/package/create-a-standalone-development-package.py ; native/tests/roadmap/ship-002_contract_test.cpp,native/CMakeLists.txt ; native/tools/ci-native.ps1 ; .github/workflows/native.yml,TASK-0092 ; TASK-0160
VG-SHIP-003,Package the macOS presentation client,SHIP,Build / release engineer,G2,P1,DRAFT,B,Build and stage the actual graphical client with approved dependencies,"Clean macOS launch shows the reference scene and accepts input ; The changed behavior is exercised through the named production boundary, or explicitly classified as a contract/artifact-only task. ; Independent review checks the negative control and current integration applicability.",Console compilation does not count as macOS game support,VG-GOV-001 ; VG-GPU-004 ; VG-SHIP-002 ; VG-GOV-005,native/tools/package/package-the-macos-presentation-client.py ; native/tests/roadmap/ship-003_contract_test.cpp,native/CMakeLists.txt ; native/tools/ci-native.ps1 ; .github/workflows/native.yml,
VG-SHIP-004,Run a clean-install native journey,SHIP,Build / release engineer,G3,P1,DRAFT,B,Execute the expedition from staged Windows and macOS packages,"Both packages use correct assets/data paths and finish the ordinary loop ; The changed behavior is exercised through the named production boundary, or explicitly classified as a contract/artifact-only task. ; Independent review checks the negative control and current integration applicability.",Developer environment variables cannot hide missing package configuration,VG-GOV-001 ; VG-SHIP-003 ; VG-TOOLS-008 ; VG-QA-003,native/tools/package/run-a-clean-install-native-journey.py ; native/tests/roadmap/ship-004_contract_test.cpp,native/CMakeLists.txt ; native/tools/ci-native.ps1 ; .github/workflows/native.yml,
VG-SHIP-005,Collect bounded crash diagnostics,SHIP,Build / release engineer,G3,P1,DRAFT,B,Capture symbols/version and opted-in diagnostics without sensitive profile data,"A controlled crash produces a useful, scrubbed report ; The changed behavior is exercised through the named production boundary, or explicitly classified as a contract/artifact-only task. ; Independent review checks the negative control and current integration applicability.","Secrets, chat or full saves are not uploaded by default",VG-GOV-001 ; VG-SHIP-001 ; VG-QA-001,native/tools/package/collect-bounded-crash-diagnostics.py ; native/tests/roadmap/ship-005_contract_test.cpp,native/CMakeLists.txt ; native/tools/ci-native.ps1 ; .github/workflows/native.yml,
VG-SHIP-006,Test update and rollback policy,SHIP,Build / release engineer,G4,P2,DRAFT,B,Upgrade a disposable profile and validate supported rollback constraints,"Compatible update preserves state; incompatible rollback fails visibly ; The changed behavior is exercised through the named production boundary, or explicitly classified as a contract/artifact-only task. ; Independent review checks the negative control and current integration applicability.",Old binaries cannot silently overwrite a newer save schema,VG-GOV-001 ; VG-SAVE-007 ; VG-SHIP-004,native/tools/package/test-update-and-rollback-policy.py ; native/tests/roadmap/ship-006_contract_test.cpp,native/CMakeLists.txt ; native/tools/ci-native.ps1 ; .github/workflows/native.yml,
VG-SHIP-007,Prepare signing and distribution checks,SHIP,Build / release engineer,G5,P2,DRAFT,B,Document and test approved signing/notarization/release steps in a safe channel,"Credentials stay outside repo and staged artifacts have verified provenance ; The changed behavior is exercised through the named production boundary, or explicitly classified as a contract/artifact-only task. ; Independent review checks the negative control and current integration applicability.",A local unsigned build is not labeled a public release,VG-GOV-001 ; VG-SHIP-006 ; VG-SEC-007 ; VG-GOV-007,native/tools/package/prepare-signing-and-distribution-checks.py ; native/tests/roadmap/ship-007_contract_test.cpp,native/CMakeLists.txt ; native/tools/ci-native.ps1 ; .github/workflows/native.yml,
VG-SHIP-008,Publish the supported-device matrix,SHIP,Build / release engineer,G5,P2,DRAFT,B,"Record tested OS, GPU, input and accessibility configurations","Release notes distinguish tested, unsupported and unverified combinations ; The changed behavior is exercised through the named production boundary, or explicitly classified as a contract/artifact-only task. ; Independent review checks the negative control and current integration applicability.",One high-end machine cannot certify the entire support range,VG-GOV-001 ; VG-SHIP-004 ; VG-UI-008 ; VG-PERF-008,native/tools/package/publish-the-supported-device-matrix.py ; native/tests/roadmap/ship-008_contract_test.cpp,native/CMakeLists.txt ; native/tools/ci-native.ps1 ; .github/workflows/native.yml,
VG-LIVE-001,Separate offline and online progression,LIVE,Online/economy engineer / producer,G4,P2,DRAFT,C,Define import/export and trust policy between local and authenticated profiles,"Offline progression cannot enter the public economy without an explicit rule ; The changed behavior is exercised through the named production boundary, or explicitly classified as a contract/artifact-only task. ; Independent review checks the negative control and current integration applicability.",Local save editing is not confused with secured online authority,VG-GOV-001 ; VG-GOV-007 ; VG-SEC-006,native/services/online/separate-offline-and-online-progression.hpp ; native/tests/roadmap/live-001_contract_test.cpp,native/networking ; native/persistence ; orchestration authority,
VG-LIVE-002,Specify bounded asynchronous trade,LIVE,Online/economy engineer / producer,G4,P2,DRAFT,C,"Define one listing lifecycle, escrow policy and cancellation semantics","Ownership, currency, expiration and failure outcomes are fully enumerated ; The changed behavior is exercised through the named production boundary, or explicitly classified as a contract/artifact-only task. ; Independent review checks the negative control and current integration applicability.",Trading scope cannot precede durable ownership and authentication,VG-GOV-001 ; VG-LIVE-001 ; VG-SAVE-004 ; VG-END-007,native/services/online/specify-bounded-asynchronous-trade.hpp ; native/tests/roadmap/live-002_contract_test.cpp,native/networking ; native/persistence ; orchestration authority,
VG-LIVE-003,Implement listing escrow transaction,LIVE,Online/economy engineer / producer,G4,P2,DRAFT,C,Move one eligible item into escrow under an authenticated account,"Retry and cancellation conserve ownership with one active listing ; The changed behavior is exercised through the named production boundary, or explicitly classified as a contract/artifact-only task. ; Independent review checks the negative control and current integration applicability.",The same item cannot be equipped and sold simultaneously,VG-GOV-001 ; VG-LIVE-002 ; VG-ITEM-004,native/services/online/implement-listing-escrow-transaction.hpp ; native/tests/roadmap/live-003_contract_test.cpp,native/networking ; native/persistence ; orchestration authority,
VG-LIVE-004,Commit one two-party trade atomically,LIVE,Online/economy engineer / producer,G4,P2,DRAFT,C,"Settle purchase, currencies and ownership across two profiles","Crash/retry yields a complete committed trade or no trade ; The changed behavior is exercised through the named production boundary, or explicitly classified as a contract/artifact-only task. ; Independent review checks the negative control and current integration applicability.",Partial seller payment or duplicated buyer delivery fails,VG-GOV-001 ; VG-LIVE-003 ; VG-SEC-003 ; VG-SAVE-004,native/services/online/commit-one-two-party-trade-atomically.hpp ; native/tests/roadmap/live-004_contract_test.cpp,native/networking ; native/persistence ; orchestration authority,
VG-LIVE-005,Test anti-abuse economy telemetry,LIVE,Online/economy engineer / producer,G4,P2,DRAFT,B,Add bounded anomaly counters and audited administrative intervention,"Synthetic duplicate/velocity anomalies are observable without leaking private data ; The changed behavior is exercised through the named production boundary, or explicitly classified as a contract/artifact-only task. ; Independent review checks the negative control and current integration applicability.",Telemetry is not used as a substitute for prevention invariants,VG-GOV-001 ; VG-LIVE-004 ; VG-SHIP-005,native/services/online/test-anti-abuse-economy-telemetry.hpp ; native/tests/roadmap/live-005_contract_test.cpp,native/networking ; native/persistence ; orchestration authority,
VG-LIVE-006,Prototype one seasonal reset migration,LIVE,Online/economy engineer / producer,G5,P2,DRAFT,C,Apply an owner-approved reset to copied profiles with retained history policy,"Seasonal and historical state partition as specified with reversible rehearsal ; The changed behavior is exercised through the named production boundary, or explicitly classified as a contract/artifact-only task. ; Independent review checks the negative control and current integration applicability.",No live account reset is authorized by a successful test,VG-GOV-001 ; VG-END-006 ; VG-SAVE-007 ; VG-GOV-007,native/services/online/prototype-one-seasonal-reset-migration.hpp ; native/tests/roadmap/live-006_contract_test.cpp,native/networking ; native/persistence ; orchestration authority,
VG-LIVE-007,Reassess the parity evidence ledger,LIVE,Online/economy engineer / producer,G4,P2,DRAFT,B,Compare approved D2R/PoE capability goals with current shipped evidence,"Remaining breadth, content, services and quality gaps are explicitly unscored ; The changed behavior is exercised through the named production boundary, or explicitly classified as a contract/artifact-only task. ; Independent review checks the negative control and current integration applicability.",The 200-task backbone alone never implies complete feature-count parity,VG-GOV-001 ; VG-QA-006 ; VG-END-008 ; VG-TOOLS-005,native/services/online/reassess-the-parity-evidence-ledger.hpp ; native/tests/roadmap/live-007_contract_test.cpp,native/networking ; native/persistence ; orchestration authority,
VG-LIVE-008,Approve launch scope and operating limits,LIVE,Online/economy engineer / producer,G5,P2,DRAFT,B,"Freeze service capacity, support, incident and deferred-feature commitments","Named owners accept rollback, economy incidents and public scope claims ; The changed behavior is exercised through the named production boundary, or explicitly classified as a contract/artifact-only task. ; Independent review checks the negative control and current integration applicability.",Public release cannot proceed with unowned P0 risks or missing gate evidence,VG-GOV-001 ; VG-LIVE-005 ; VG-LIVE-006 ; VG-LIVE-007 ; VG-SHIP-007 ; VG-SHIP-008 ; VG-END-008,native/services/online/approve-launch-scope-and-operating-limits.hpp ; native/tests/roadmap/live-008_contract_test.cpp,native/networking ; native/persistence ; orchestration authority,
